Date,S&P500_RETURN,NASDAQ_RETURN,DAX_RETURN,FTSE100_RETURN,Nikkei225_RETURN,NIFTY50_RETURN,EUR/USD_RETURN,GBP/USD_RETURN,JPY/USD_RETURN,Gold_RETURN,Silver_RETURN,Crude Oil (WTI)_RETURN,Bitcoin_RETURN,Ethereum_RETURN,BNB_RETURN,Ripple_RETURN,Solana_RETURN,Tether_RETURN,USD Coin_RETURN,Dai_RETURN,Chainlink_RETURN,AAVE_TVL_GROWTH,UNISWAP_TVL_GROWTH,LIDO_TVL_GROWTH,ETHEREUM_TVL_GROWTH
2021-08-03,0.6041394250573741,0.6259415490459282,0.5270066799319933,0.4458843222373122,0.3848830631164536,0.5255008083199993,0.27432883615690135,0.3957298611473026,0.1309033412077498,0.14147442415167832,0.2634422958518509,0.3250293773078287,0.9777369255690707,1.0,0.9494350662562119,0.9836654373045346,0.9162379715961659,0.34260298930650573,0.11667316355465042,0.3155246132605875,0.7471857519203083,0.6413145121508543,0.7372438095919842,0.8181650852199219,0.8622105883734104
2021-08-04,0.5812707993423126,0.6218590068817288,0.5430114412264896,0.4495504580675876,0.39322352418685563,0.5343973831305472,0.27820384947276044,0.43092431281525967,0.1244997198737481,0.14466782877000947,0.26372863774195915,0.2713395230185362,0.980978165176536,1.0,0.9450999509409856,0.9820273289388219,0.9211477750596712,0.3832250075448472,0.16202086622791942,0.38280899680382496,0.7457609942367044,0.6411663433037543,0.733358762215703,0.8115948756422221,0.8528840407193026
2021-08-05,0.5945450374899341,0.6322523374374126,0.5379557464730991,0.3979856098524835,0.3804693154330696,0.5260259469119325,0.25022263575144005,0.3873054871051676,0.13160732565830635,0.22283947618627145,0.294530576732203,0.25675379875000864,0.9811691458763709,1.0,0.9545566128138011,0.9720660243856876,0.9404676022033808,0.2783408538543174,0.08510146848942234,0.3102184928898632,0.7332530128663487,0.6285212923484844,0.718506506377669,0.8141162417650017,0.8223799553198097
2021-08-06,0.5873280059184511,0.6364878650678958,0.5301292884691979,0.38281483637560826,0.2967806084741273,0.4713642033705678,0.25137497040458306,0.38381890277987823,0.13998833551147627,0.11679266674930963,0.1979408632809115,0.22576859252445178,0.9668850836528282,1.0,0.9462396956082578,0.9480348276274698,0.9229351633293155,0.21055543850295141,0.05715908879923655,0.2613004825466067,0.7555788364173442,0.6254914693138452,0.7095719942960165,0.8101075399061349,0.8255919223154764
2021-08-11,0.5820516990888798,0.6244169035524301,0.5322495565034915,0.3990875416821395,0.3141906775144587,0.49566016389668716,0.24586634695485624,0.39900828217345274,0.13828256453812712,0.21327549420980765,0.3087398662554894,0.2347264683966755,0.9612880144752721,1.0,0.9518262859856846,0.9384101547404987,0.927685357464682,0.21221870385034433,0.061655724101079806,0.27253713085127795,0.7475784087424914,0.62753852038402,0.7107903016222773,0.8021284925345086,0.8140693775504231
2021-08-12,0.5722403668534719,0.6170080549064274,0.5146010900135214,0.3971893893622187,0.30326161782556815,0.5001403848582885,0.27525774243252965,0.37171325387276033,0.15798496466275092,0.2035183282058817,0.30514265817997693,0.24669432919501427,0.9584465203358566,1.0,0.9534983134175318,0.9415129265585747,0.9365012635257385,0.23656917376385822,0.06578369570891861,0.2895849132674462,0.7553749990096924,0.6304117874003994,0.7130039998902843,0.7974112237540284,0.8141859446276164
2021-08-13,0.5764612706297435,0.6101557144065403,0.5206112308095538,0.41519723008124954,0.28728113406545863,0.49763550170366394,0.2673195897340463,0.3558214523691397,0.1478425802075987,0.23048374205051506,0.32672902322407693,0.21774943403963468,0.9593862311392066,1.0,0.9401683786713596,0.9396572876491849,0.9420574007849256,0.22781526332475244,0.0682948434601049,0.30101348753323864,0.7432096681313808,0.6193694061759931,0.6891306217214582,0.7926300532639621,0.7848339245338374
2021-08-17,0.5451113755894635,0.5884497828247904,0.4800157367267091,0.3755944532205504,0.2873293260724457,0.49940622554649955,0.2798300881861381,0.3648258769856657,0.14888299526498727,0.2310978588035342,0.3259936484850785,0.22716938945955767,0.9540346907857271,1.0,0.9462996285022555,0.939926231022258,0.9409418424347823,0.22757229182733654,0.06530898627289593,0.294233914969151,0.7571476508478986,0.6258996531782451,0.6986138562757395,0.7941090040619039,0.7951431170939672
2021-08-18,0.5088005403069547,0.5688949377044924,0.4762283291989585,0.3667596938870474,0.2928325610210732,0.5137987611850175,0.31579944477432975,0.37374395582409126,0.15150650993128828,0.2328690933473234,0.3304640566702634,0.24426074601042283,0.95449808746625,1.0,0.9471541697534545,0.944317386308707,0.9424537317810323,0.23812389686397312,0.1158562021531509,0.30144079772476123,0.7823627788971779,0.6495810361133095,0.7220500342572058,0.7960246525364222,0.8000449222589062
2021-08-24,0.4904367627754817,0.5499068028357429,0.4868246409793585,0.3959829831178884,0.395552540007162,0.5788804166034964,0.3562528378339205,0.3939889533897214,0.09633397183088122,0.30797833260291296,0.3962965177892145,0.2734751488247248,0.9608619208079605,1.0,0.95716327085084,0.9548893229551612,0.9496911490921044,0.2611427754259368,0.25530797086784673,0.34548432336649404,0.819615963876642,0.7304879161696985,0.7668076730603088,0.8302749293531541,0.786209781128717
2021-08-25,0.5317557401287483,0.5763925387728692,0.4886352012409978,0.3917436545172337,0.37048216896447106,0.5468062399441742,0.41487144563343126,0.45009684542754275,0.11400766158869945,0.28992587021090277,0.3846137508287211,0.23003488725206342,0.9536337772967792,1.0,0.9604324051804605,0.953674858556072,0.9474711510347893,0.3445132595383488,0.2393297317840654,0.37470301931460526,0.8290325411212922,0.7650872698188207,0.7752858771446146,0.8320689778631684,0.8057668249132819
2021-08-26,0.5415464023905541,0.5814123716128833,0.5043663660535208,0.4114962179219722,0.35730320697051254,0.5283512187000015,0.3883341903408285,0.4248527160702756,0.08058860880168699,0.2768961112268075,0.3831453805641423,0.2245640478446437,0.9551895140253338,1.0,0.9584826411262587,0.9524281348655195,0.9339466792970953,0.33800779156986327,0.2255768558752359,0.36766645250725916,0.7995841190958207,0.7426460805207901,0.7573196098809267,0.8367179964640166,0.7906320594782206
2021-08-27,0.5435664380844493,0.5821382396059154,0.5016127533782706,0.4299019662153993,0.404819373506138,0.5906762306142023,0.394062357536257,0.42114462922650875,0.07240788969617323,0.3315984981538666,0.42705855107288143,0.261670141358223,0.9582112717390081,1.0,0.9376164512853725,0.9608845953304299,0.9355913480844156,0.3373763721393127,0.31818483226945715,0.40619404106555235,0.8142851199815457,0.7463600524708207,0.7649833287399505,0.8481142065142374,0.7696660282426385
2021-09-01,0.5407448320487529,0.5854435739226077,0.4871640746192957,0.44083359541247,0.4460123767517174,0.5785841329362325,0.3964736680607242,0.43407727242192135,0.04368786387868671,0.4023820368937971,0.5822203625931841,0.24637760321873625,0.9641315163379423,1.0,0.9522658406874165,0.9688938424227453,0.9331088440328887,0.3871478086378282,0.3506490577655179,0.49006558793212074,0.8274287282705262,0.7559279290085166,0.7907711708827893,0.8477315826912462,0.7890109791731694
2021-09-02,0.5446980665484537,0.5924199520364972,0.4842339339457871,0.4425387112038012,0.4304533865971805,0.5804468112651813,0.40421396234331364,0.4451785501918651,0.0427471396801713,0.3881137974923389,0.5499993320034253,0.24089291153862802,0.9713046417976455,1.0,0.9538436433991373,0.9725975480356065,0.9267857768987006,0.35193386592343306,0.30773668490004963,0.4434833068966422,0.8265212329819904,0.7607257367704704,0.7904591603631919,0.8461130305648609,0.7871235254889863
2021-09-03,0.5431956924564977,0.5964682394055749,0.4699703643588383,0.4353498323507169,0.47537071626976285,0.5910140525918672,0.40985715852145127,0.4709643009670794,0.04311030252873396,0.46607552526344703,0.596780197056419,0.21804521876861008,0.9651081585409509,1.0,0.9471938117359411,0.9678105717054848,0.9280433080968841,0.34779262445146175,0.30199670240961374,0.45665495871529677,0.8373449791675154,0.7735189128627277,0.8033469675810555,0.8427434775492159,0.7775398550679756
2021-09-08,0.5201475772616296,0.5492543708358295,0.49852553707478725,0.49682168509750635,0.4284911048982929,0.5886072792345091,0.42158811056629714,0.46095746451978326,0.04032829292594068,0.4719111719652816,0.6083596792740874,0.17472955412255678,0.9595110847294792,1.0,0.9416321900209521,0.9658186363115668,0.9298233289737151,0.2871627391318272,0.3054344848863958,0.3976402687428883,0.8446158610381469,0.7937885026762639,0.8137819459167634,0.8405321885835557,0.7944670814556072
2021-09-09,0.5200654825176257,0.5476408924590005,0.5155145741208513,0.5063012288859677,0.4290847372247431,0.5989035160815211,0.420982780318954,0.4561578371746339,0.03992645226527471,0.47339172100439536,0.6121739983450589,0.1760308953005897,0.9580640067526495,1.0,0.9472181728685259,0.9611234820596695,0.9313022144092145,0.23216956760774804,0.2742122000487,0.3832077571388359,0.8468501402314387,0.7919662895546786,0.8132820635536956,0.8294511579177962,0.7732681785371299
2021-09-14,0.5142812622094328,0.5428448547852822,0.5264598170941357,0.5121815167155428,0.4287032076144378,0.6028067552269165,0.4148188994962081,0.44585419092408046,0.03220503215284037,0.4657586727882509,0.6136989463818037,0.17214083547679185,0.9568344738191807,1.0,0.9492871867272202,0.9642041103052642,0.9318293932528808,0.2734181026133121,0.2665935808572118,0.4117110273096281,0.8507790242114674,0.7963301065405777,0.8171696223058668,0.8150813113758125,0.7730482726072961
2021-09-15,0.517948893068566,0.5511880335648925,0.5124394925765722,0.5047685085206401,0.4116529948227433,0.6188533607805403,0.39714863884263146,0.42632685400111037,0.020687228226037208,0.4521225163262813,0.6046246543971046,0.20387506545321918,0.9601653745857985,1.0,0.9627944921748757,0.9657692106930806,0.9352664067153187,0.26538047680449833,0.25449097125762143,0.39497111824655073,0.8340594260391998,0.7850008248612483,0.8081660022490594,0.8197054915339987,0.7702792945201017
2021-09-16,0.525319540105056,0.5553849341299653,0.514023905052638,0.5201030105248661,0.4100691015869773,0.6146566119095398,0.39361952364811903,0.42216848186867345,0.021391354936821642,0.4304467990951542,0.5780288834191006,0.20702354595439593,0.9598074398751437,1.0,0.9623502471226496,0.96439042942327,0.9395644159742365,0.2656783813165635,0.2541369367803664,0.3898965111369093,0.8195448478025289,0.7752818678050005,0.8046714229961178,0.8176376324929844,0.7621947960181168
2021-09-17,0.5397907301664887,0.5587546017846984,0.5248203507766709,0.5543247256127637,0.4220640098839958,0.6673730786441986,0.3917229683151047,0.4068933149500322,0.08159935980793101,0.435408516411839,0.5848328740389787,0.2741972189077294,0.9468062155554944,1.0,0.9476825588347251,0.9507365018489454,0.9355227982207285,0.2480380954463078,0.22178133838112343,0.3715867893692989,0.8115590106155787,0.765487834080798,0.7996005233154005,0.8194917095667729,0.7468269764926945
2021-09-22,0.5330355897996147,0.5249173140469007,0.5496628873709716,0.5914456795963879,0.4166685816996247,0.6645074692177986,0.36317833765064494,0.377769293909894,0.028542487318538357,0.4456424206587035,0.6054341482833286,0.3150174559125983,0.9497002161685045,1.0,0.9586759462134495,0.9624584418809963,0.9373672446333755,0.18131761554896428,0.2322377760587327,0.37977197909940785,0.7843462291388391,0.7339579275500933,0.7690870781488848,0.8468757849494478,0.7174687166461532
2021-09-28,0.5577952872897227,0.5661137693553654,0.5572753269370524,0.4535425162845851,0.2984544352477557,0.5284698492622854,0.3146912340888279,0.3063761868514295,0.04537140603432093,0.3127431937280296,0.4949770460628143,0.2294863970245762,0.9489674199574964,1.0,0.9586342180125536,0.9646292524642152,0.9372649197687074,0.1859416282623201,0.09140616477764982,0.3759163802046521,0.7246485356680259,0.6840831030912081,0.7066610087040539,0.8443289271208427,0.6747559924324406
2021-09-29,0.55722461463184,0.5548987158732539,0.5502578420507731,0.46015382309478603,0.25428148525089034,0.531762278682136,0.34428105554116023,0.349349787225817,0.04390882614741132,0.3098242144999955,0.48438581846111206,0.24095371237709412,0.9463514905342575,1.0,0.9597838928862237,0.9704166633257774,0.9341567322933784,0.1880248676593287,0.08494557655419879,0.37595118943565925,0.7221203377882156,0.685353196918429,0.7049382409333508,0.8520038442093112,0.6874422226043704
2021-09-30,0.5516238796679284,0.55973633993213,0.5268668952978999,0.44892070769435144,0.2449808961199371,0.49595833684645346,0.33869693604592427,0.3449579663401828,0.07933792125300713,0.33388380906273235,0.49838424514317875,0.23600921112926296,0.945808025855985,1.0,0.9583389030637832,0.9678556217130605,0.9276354204317999,0.19596325873907053,0.11139501007033385,0.38872834090408503,0.7045972065206322,0.6712994042445254,0.6893363849629512,0.852205297507891,0.6795099367273066
2021-10-01,0.5530487596030486,0.5483888044476501,0.47319084380877086,0.4051786725885906,0.16711855333615278,0.4444192619794776,0.36157931787408154,0.35418489815143245,0.04538105461313773,0.32400607886174226,0.509908914396206,0.2713826181276821,0.9440850445139968,1.0,0.9596953762591895,0.990652508545484,0.923852753755302,0.18570592336891142,0.11504227957965278,0.3713943754313999,0.7022384173662531,0.6685334626577685,0.681969288481618,0.8482644895115878,0.7056044301075515
2021-10-05,0.5920960270358508,0.5651978114023214,0.48570948256386937,0.4170254441012897,0.15029053249735966,0.45428741156604263,0.35509250699932204,0.3478815230792849,0.04423126972295234,0.31995708734616557,0.5096788399433464,0.3077383339093238,0.9447321925169042,1.0,0.9601912964403202,0.9939658125267428,0.9171420476372503,0.18431441194572107,0.13421183122052735,0.3669011104318512,0.7069798577034396,0.6691465896213488,0.6938925909750899,0.8480794892446113,0.7078632086174463
2021-10-06,0.5587605800401315,0.5349858188059906,0.45860227009473836,0.41677896659352837,0.1458105619294537,0.4283418442315007,0.35029910007237175,0.3529427696459961,0.042151862331489,0.2584743876701226,0.4670002439893078,0.3186332431790979,0.9240926952769445,1.0,0.9556898927771851,0.993901341577711,0.9153069841053473,0.21076561544017272,0.11894682818421544,0.3635068786709925,0.7244107551119832,0.6732454520658754,0.7006132560856517,0.844417090665409,0.7011520064253899
2021-10-07,0.5596395640376636,0.5360053667128323,0.45969338055603,0.41771262206554394,0.15037131533053902,0.4273527110889597,0.3310160318217615,0.3346509799984757,0.04020914458644953,0.25405848978579904,0.4665360493318425,0.3240765985506982,0.9245461811555254,1.0,0.9558540939617982,0.9939371456917403,0.9135070014992732,0.192404490969815,0.12747425961013972,0.3700075826582748,0.7197043081432282,0.6648032528480905,0.691579814268155,0.8429966302307194,0.7015910603880033
2021-10-08,0.563225844871125,0.5341641516571574,0.46952065048747316,0.4111616382102666,0.14331199242493575,0.427175655369715,0.32696993072690056,0.3280588864473389,0.03759496038086717,0.2558041969624664,0.4663052457898377,0.32325471187331284,0.923716637032909,1.0,0.9515065282620956,0.9941253927222234,0.9180086688533772,0.1879206159700361,0.1369013710816863,0.37619717665600877,0.7187692542082986,0.6573244036711416,0.6924582339164085,0.8401743698974018,0.7061320083457739
2021-10-12,0.5581581366286592,0.5335719179653661,0.4677674455335854,0.4263123182064569,0.14486171716991428,0.4522325636723434,0.324303470607576,0.3279362386953503,0.037183195075777296,0.2610642945978774,0.4649702655302611,0.32738701089768113,0.9180313171735921,1.0,0.9408121508134789,0.9915714814842678,0.9178180824040284,0.20868125939588802,0.13610654672536765,0.3670033326200458,0.7181982723344265,0.6572224227670351,0.6932185174999175,0.8614062259610483,0.7009025246432855
2021-10-13,0.596422780774506,0.5497173215816826,0.4986653081683218,0.4416709513220801,0.16147936665309043,0.4715407912381884,0.31534618870198305,0.31727331954738475,0.03683907808824808,0.28008391580407743,0.48012235425130434,0.37483483352162666,0.9176871116971749,1.0,0.9392478067986065,0.9929687972457636,0.9121186330754765,0.18469345517812769,0.12570201105890996,0.3626525208329561,0.7253885636716331,0.6716430644116338,0.7068834564650396,0.8695958090355334,0.7092587771599594
2021-10-14,0.6774111374580051,0.6132530421379065,0.5759264356177675,0.4837483583583578,0.1678229049411013,0.5339428811982692,0.35838041897171125,0.3424293189539032,0.03512493645489703,0.3038660984932418,0.5162246397297401,0.4069238115499749,0.9114929744834116,1.0,0.9349628339349683,0.9898142481191402,0.9133852260778043,0.19045273929982476,0.14267015976112182,0.36452621726966394,0.7500006974870225,0.7068932663897439,0.7423467989936063,0.8720214660342004,0.7216994889148666
2021-10-19,0.6621248637460618,0.5994548719485485,0.5741074028157193,0.4759663022069083,0.17216730431658653,0.5416578480201995,0.3576190492696188,0.34785577631285686,0.025379264943320667,0.28442491647856516,0.49372753261393515,0.380706222569252,0.913886329615205,1.0,0.9345464206705228,0.9919256396916996,0.9122384726502925,0.20204529755885783,0.12806923344009588,0.3519499687324161,0.7494490444919635,0.7044510771125838,0.7387186899709354,0.8622475677942298,0.7185451390750297
2021-10-20,0.643298549418126,0.5543505894003878,0.5553260177412822,0.48352150845513703,0.15119620979559673,0.4447189960802464,0.3528949863107424,0.3422793384908869,0.07773706473686544,0.31895132330816556,0.5209125199493981,0.4515445910927499,0.9133571538513895,1.0,0.9363860617400047,0.9953012624747528,0.9078209501665109,0.10513042243823308,0.10135605633963236,0.33244471600734465,0.7503838420081843,0.7054654622464754,0.739993967297459,0.8793894784500684,0.7276456651668375
2021-10-21,0.6518352940868215,0.562590856440852,0.5511017824194494,0.478150315636305,0.20057210191351374,0.4106142515922256,0.34554016663769954,0.3355007008445978,0.07910874302134839,0.30806204799973746,0.5085005169701708,0.41074912401282965,0.9298691813245433,0.9993542524264162,0.9423580302745518,1.0,0.8829554318776447,0.11792488288583254,0.13113564090757257,0.331913783775876,0.7574373916545936,0.7198442898890245,0.7391084785895804,0.8312343560211845,0.7184089108172441
2021-10-22,0.6181205134153099,0.5457605225132028,0.5180088806463823,0.43786809895351375,0.15639127094308042,0.38716227377310647,0.34804788595593994,0.35734847975185696,0.08811225356002457,0.28823035456226326,0.4970357559719609,0.3799538624787467,0.9129142548370915,0.9946866976466302,0.9353581840011574,1.0,0.8681865416894795,0.132285284351924,0.13242247409294478,0.363348961386738,0.7760119806077883,0.7234674604980851,0.7513801729814622,0.8323600866335823,0.7430288867614002
2021-10-26,0.6342209820867426,0.556263031269731,0.5414705649712879,0.4587164920199012,0.1294107536431607,0.4103437965559475,0.35286473023423964,0.3561876965701741,0.08954700344672223,0.27862564529306494,0.4877185228255825,0.3980974491667463,0.919790787536591,1.0,0.9412922729415175,0.9999762828959194,0.8713661830878748,0.13564204141947397,0.13283269500588196,0.36696999262673785,0.7843389025801688,0.7381537543476371,0.7675464336444517,0.8309252065731321,0.7482228233636888
2021-10-27,0.6085452377814055,0.5220309386318934,0.5131727989933893,0.44451365772712664,0.11988193791999273,0.39512529719724077,0.3294740700131125,0.34874743237520944,0.04967753015257073,0.23834283558556676,0.443566594358537,0.4199793358678191,0.9105290685136919,0.9930058730042431,0.9442818520551951,1.0,0.8780938185484217,0.1771092505404861,0.2213690615250722,0.4124183880101797,0.75244713914326,0.7013912265809535,0.7265150829133238,0.8216687191029237,0.7316433796729015
2021-10-28,0.5999171555431451,0.526548144970492,0.5130266478527755,0.45659499511870333,0.0977421280135049,0.3742090031725702,0.31926857107507295,0.37908218808841354,0.049421671619350155,0.24079691478560636,0.44709101530823786,0.42188499054974926,0.9160592495875443,0.998810068007522,0.9531664749453842,1.0,0.8873862803568113,0.19033567918459746,0.22146995773446343,0.40012495680807847,0.7656648222378676,0.7057579672345536,0.7299087371443228,0.807850549499092,0.7242558801545268
2021-10-29,0.5982460764958049,0.5200861049759579,0.4986131634862906,0.43428565860552054,0.09457121930081379,0.3344416042013081,0.3482395225165134,0.36356461278654206,0.050763909728016886,0.20607034876542912,0.43436429084227096,0.4295522624912458,0.8997506745515279,0.9952529980637163,0.9441467838618474,1.0,0.8937136960061494,0.21029830832591206,0.24537164220959928,0.38409403475900183,0.7563301796232623,0.7025852383987935,0.7350645333411325,0.8244487956693592,0.7602936702090466
2021-11-02,0.5931763391519305,0.5185315094844056,0.5075337143589539,0.4324473152997685,0.09161815942341674,0.33177827379900704,0.34229894849973463,0.3654678626788432,0.05116685079648372,0.20380991190783088,0.41416231512523827,0.4276796159294906,0.9001168904223769,0.9949368212191992,0.9419101999060827,1.0,0.894002278734252,0.2154598610064539,0.24380235323370694,0.39281921165018185,0.7506294292396666,0.6989948144419235,0.729801596466385,0.8215030394008048,0.7593304229760058
2021-11-09,0.5753717015001745,0.5026116825987398,0.49655637537137165,0.4251327318554467,0.09367333335192574,0.30498349360426596,0.3473064036606914,0.3858818429932009,0.052240935827975066,0.18290399097847126,0.38972497324137395,0.4244092635243956,0.9045755628400484,0.996710210418028,0.9612260886097194,1.0,0.9096565810239907,0.243806206692847,0.2607258389214579,0.3970899999907107,0.759890040184674,0.6996480930090931,0.7344902983153225,0.8120646459771683,0.7590854385488707
2021-11-10,0.5769014736471962,0.5123467177290882,0.4944057691817139,0.39873553849574067,0.11001795765117411,0.29918684170987436,0.3347107228834642,0.39205825064233296,0.0857345346119943,0.15481267690839828,0.3569344968842939,0.43345858876466703,0.9033793989184129,0.9954299241276435,0.9606254989109209,1.0,0.91107814605536,0.24151072236324886,0.24597687089774556,0.39138962982779524,0.7434624015180211,0.671972507475393,0.7108715057440379,0.8170823855239494,0.7559867964870716
2021-11-11,0.5805718431377748,0.5136863607790325,0.5096466149766562,0.4181089232132156,0.10819278812324143,0.3009365969967503,0.353810329994931,0.42358377467388825,0.08159539880526932,0.15514593470954918,0.3508285118892278,0.4304536601906474,0.8946060348418483,1.0,0.974336207784903,0.9950886566991501,0.8997134358538862,0.25524104701923533,0.23195145727531058,0.39669004384831236,0.7427843222559122,0.672777126873183,0.7038246948703106,0.8072918510819128,0.7403770218099828
2021-11-12,0.5768758229095106,0.5091312814664272,0.5115315927492253,0.41779533645175704,0.09337928864488698,0.30411571889869504,0.35572914313638737,0.4249213184772159,0.08024366264464791,0.1536660297970355,0.3501663920115466,0.4247923102185077,0.8948348529182648,1.0,0.9740299992510527,0.9944264495871278,0.9009479797188295,0.2692857216856687,0.2187309717012876,0.40383891908069497,0.744371541300078,0.6812222780760085,0.7077325332578966,0.8165425568959723,0.7388245602635919
2021-11-16,0.5432218324307844,0.472979016044878,0.4745815685019172,0.41878314382007575,0.08760321418903305,0.2959342687105679,0.3583485773890626,0.41720072854275286,0.09722088211417888,0.1710095288006446,0.3457217076544422,0.40867853127609,0.897249930169139,1.0,0.9772307053216992,0.9907130964332119,0.9011079326180458,0.28217974498553994,0.2479168358298137,0.42465706597668573,0.716025731873679,0.6596170003989327,0.6848056457576582,0.8209503764066063,0.7303561647168068
2021-11-17,0.5567289816556044,0.48080871529994657,0.47859400650414863,0.4299937347386113,0.08530080732605987,0.30880902063550214,0.37722116370629555,0.4131430525710236,0.12217936925819345,0.1664070071437513,0.3364654774582871,0.4399196148551259,0.8945974556550635,1.0,0.9729178519156088,0.9871678338893802,0.8978823197136425,0.2808694413254941,0.25077947718468874,0.4220358499770382,0.734247277468413,0.6814830483209552,0.7116555031197873,0.8377837066182591,0.7451862460697759
2021-11-18,0.5375126032150119,0.46368675260344805,0.46879516240317715,0.4284419042893095,0.09940025093874676,0.3065681923052141,0.3709576662232348,0.4309627302054246,0.1554276839568574,0.17472234741193055,0.3407345771879542,0.43129656967265223,0.8967479629200096,1.0,0.9735199471965434,0.9840275315584992,0.901838213692495,0.2421618131992503,0.24672949827834106,0.38361168578604593,0.7331141581564156,0.6771103276572056,0.7100590001125758,0.8210625002505518,0.7328367659091709
2021-11-30,0.5301135768957271,0.4673968402900575,0.48509308885757363,0.47385785473906483,0.13392685592866918,0.31106095142199675,0.3626236846945846,0.4427349619869917,0.15422384776541737,0.1848657122860746,0.34552597660530326,0.4243604633937262,0.903424044431719,1.0,0.9842315851585268,0.9916539091595092,0.9077503969684235,0.2380890941500033,0.25118345619372323,0.3929225307540831,0.7327727163993235,0.6707873592516674,0.7020700246697203,0.8276326114424367,0.7278491554255796
2021-12-01,0.4721044246163619,0.38593121256205976,0.4980439662048128,0.49883033829950474,0.09413712802436038,0.2945000003460056,0.37260345927158445,0.4512492054344114,0.16122295174548065,0.1563747359878737,0.3165926580037526,0.44180984239108856,0.8934825959908674,1.0,0.9817497191737251,0.9909567022880873,0.9095993159954111,0.21408383549312127,0.27239246241100323,0.378750267317219,0.740604053752137,0.7006851513365115,0.707686238280255,0.8702238120266496,0.7599258384375334
2021-12-02,0.4687400913283032,0.3840866103512843,0.4922287878546392,0.4957744699534803,0.07579286797482712,0.2944826932395255,0.37783898938533106,0.47101815478105474,0.19037918381336041,0.15567225099457815,0.31280711928002036,0.44164247602655227,0.8978320704738966,1.0,0.9847673324196918,0.9895340462702241,0.918716245826233,0.19680483138749608,0.2732982201149141,0.36811706842560066,0.7353920680330851,0.6931352240962212,0.6995592516640187,0.8747050256757232,0.7718067267826817
2021-12-03,0.6042547429679572,0.537380272020444,0.4952111654726901,0.5119406048215834,0.14375991816619862,0.31711073036327725,0.5467781171368084,0.4912943851597295,0.18681041922545863,0.2663885222089021,0.3557231433060167,0.4073371400875809,0.9306374832398316,1.0,0.9340292941606367,0.9466546539631817,0.857386910217688,0.14199235990919812,0.35658703831684546,0.23570692038419183,0.7833111388664746,0.7629475261966169,0.7861991254318317,0.825229802571826,0.8224781023715841
2021-12-07,0.9123568908340047,0.8238633943156404,0.804146441725837,0.7896169748072726,0.5462074159687873,0.6718573667423406,0.6291027264832967,0.5857867574423613,0.3347474805296277,0.46146796446912264,0.5708588862634935,0.6051316215825978,0.9103816533443302,1.0,0.9324298142816696,0.961985470334447,0.8858218369626877,0.4137066415327057,0.37447973059252104,0.246907956955249,0.7559542216732572,0.7895027003694142,0.7654461770125888,0.9089948033926903,0.9414336857460024
2021-12-08,0.9129948291302517,0.8242386901427137,0.79882706216773,0.7897779606379953,0.523937568180855,0.6395636313583707,0.6462984170400317,0.566611315008568,0.33690824558495375,0.45782053990761634,0.5599970217288273,0.6158298477704274,0.9021184143642151,1.0,0.9314799824556615,0.9644340981018676,0.8860702524449937,0.491121521527722,0.38387171998325975,0.3094679369494413,0.7423770296673485,0.7861182154030287,0.7558590464802156,0.9370416743376859,0.9335407179325027
2021-12-09,0.9032954539416468,0.8217981387232043,0.7907087089410852,0.779822539782656,0.5203500664660322,0.6344668415399871,0.580862826523163,0.5479031672384856,0.33105775501992935,0.464144275201229,0.5816706050102117,0.6152123345269292,0.9091524014271772,1.0,0.9373090040799889,0.9429879209767702,0.8748644696265641,0.491332852266967,0.4001364424593681,0.3297736610286181,0.7330461228305288,0.7807271895300597,0.7457931090148857,0.9114746868477303,0.9051148845902465
2021-12-10,0.8685495891432479,0.8078506192362971,0.7914427202250298,0.7783866744850634,0.4734334618273199,0.6277225113556997,0.6092758266870492,0.5582774708289386,0.33588443110822547,0.4539787766706304,0.576646042433437,0.5980431278058917,0.9015423241925644,1.0,0.9320381057683519,0.9595226648661088,0.8999710941024773,0.5182369954963745,0.41917049172139076,0.37605652359100744,0.7528888406345995,0.7832603446660698,0.7818855806523703,0.9370656557318665,0.9435785062128343
2021-12-14,0.8835057001457227,0.819779603871896,0.8205070105680623,0.7817139376818723,0.43227349720907193,0.6285280599431085,0.622425199944851,0.5562250231198318,0.3889691655046033,0.45593666947935707,0.5781076486966992,0.6120627911890184,0.8985733192473808,1.0,0.9307774985752989,0.9474188399592723,0.9039022186410972,0.532186638816563,0.4353452065924608,0.3944593734503052,0.7635299670983746,0.7944512522871042,0.7858786405513568,0.9749074605158057,0.9564593684122902
2021-12-15,0.8932253088859078,0.8266491775975456,0.8135052345491258,0.7489565182963134,0.4409406025914608,0.6311089975855448,0.6117341926496374,0.5451226282566738,0.3843598432413544,0.4438072547342948,0.5534668583117578,0.6049774268421263,0.8984661017354252,1.0,0.9250656083867942,0.9425907884926592,0.9078282050718139,0.5899946870736444,0.46510987094497347,0.4381628821343091,0.7634536401845666,0.7884495670122391,0.7821731532570555,0.9685497988119508,0.9499885318107156
2021-12-16,0.8688870057477497,0.7757481148955325,0.8317152498226867,0.778332950521156,0.5092647493975849,0.6428441706772678,0.643121118539601,0.5912914633521059,0.370361881855115,0.4487060702322063,0.5559789540064842,0.6204007980127969,0.9126523429972137,1.0,0.934909102031904,0.9392209265056106,0.9078186264622782,0.648879130800645,0.4584185951016295,0.5181118161134161,0.7494010427689531,0.7681323794365444,0.7681233469234189,0.974634411184742,0.9309564560869659
2021-12-17,0.873157687968442,0.7744177923392732,0.831348241305247,0.7721415105483602,0.5157425362374042,0.6391336523085477,0.6424646141852016,0.5949109802209102,0.3707230543503827,0.43328681246420075,0.5437280838587797,0.6223473811477592,0.9195382164579955,1.0,0.9375904778848313,0.941597932163755,0.9084020907376952,0.6620047468299554,0.46737931124579685,0.5438661572645045,0.7443102340219409,0.7601472367379769,0.7648173454952278,0.9707730945372374,0.9263088249496055
2021-12-21,0.9047872142579979,0.8185952370322587,0.8418464217249086,0.790940664162689,0.5077145032177048,0.6443518615200691,0.6623098053058432,0.5860598854137248,0.3783804847913903,0.40065169946344986,0.5366069581122572,0.6726626661895946,0.9265659768978336,1.0,0.9293332022411368,0.9669831686099827,0.9149983526166814,0.5706655842238433,0.5387427708062335,0.5035806987635496,0.7387304417716248,0.7560082484504556,0.756835770504654,0.9772203891648528,0.906843725580122
2021-12-22,0.9206186209516367,0.8302517317676723,0.8602086805617284,0.8052949963210863,0.5169505751850451,0.6474646481919338,0.6679017612353729,0.6132629967979467,0.3323919329564566,0.41889730852381235,0.5562987444262525,0.6911584373727498,0.9277895598975314,0.996414114639795,0.9275624354139032,0.9711067112515128,0.9146326997615117,0.5706498084995136,0.5308359373368366,0.5009589453700349,0.7409272011492587,0.7584771176830598,0.759939926684737,1.0,0.9302495809649453
2021-12-23,0.9256128618745056,0.8359850882190233,0.8735256922957046,0.8119130531934211,0.5208051391130327,0.6430644218193835,0.6867817390543404,0.6372604113083976,0.33388132081060096,0.43513955207414445,0.569589182378114,0.6992773079394355,0.9290559752496882,1.0,0.9245480621438212,0.9815787413452353,0.9224047578018453,0.576439529361101,0.5266686372570305,0.5027270470365621,0.7418516383153514,0.752716866229303,0.7583782602406886,0.9817482910897184,0.9258568943335557
2021-12-30,0.9207754330672008,0.8293160642404347,0.8855153390956694,0.8237187995527219,0.5211790867919172,0.6450882497974977,0.6754674117937093,0.5968217528155387,0.3210843041754887,0.46206685678399567,0.5805931403306887,0.6990774686021626,0.9338248359629507,1.0,0.9280876106621517,0.9789255466634793,0.9243868640322561,0.612161397056602,0.5011284590773583,0.5315392161277561,0.743226618719373,0.7530487252780246,0.7562804348083763,0.9757659143907405,0.9201266897834083
2022-01-05,0.9338635676220692,0.853627638662199,0.8483994692415087,0.8065872024228197,0.5460822339848371,0.6315706457210956,0.6769755894754722,0.606535535968881,0.24058848524819137,0.46642434956005735,0.5875878885963256,0.6712012618479015,0.9346395631010487,1.0,0.9314483735034746,0.9734671582534279,0.9212077877224308,0.6081788149707669,0.49535102049360735,0.5626095694379475,0.7316206945005933,0.7429066278898695,0.7547679864376302,0.9684412003600689,0.9067965160905049
2022-01-06,0.8870265837710574,0.8163717708299435,0.866760540496289,0.8316146278639183,0.561191418817537,0.6563717512699794,0.6171698192947312,0.5467306553526725,0.19472214838818278,0.5227206103095171,0.6483698913714163,0.5916410926023002,0.9281668388846871,1.0,0.9228062384736466,0.9579099172311847,0.9255980560729515,0.640495572937693,0.48150822129047,0.6181326207618036,0.6924078047355785,0.7451727728104323,0.7511592734537514,0.9856943719983235,0.9098436882058871
2022-01-07,0.8752226876886768,0.8446756948500744,0.8788745346672084,0.7942882571527263,0.5226913326259655,0.61516659302783,0.5061181316746591,0.44849075858079346,0.11703178965962281,0.5890551994212337,0.6569912591380047,0.5355135739202058,0.9257008913885458,1.0,0.926667753191925,0.9505671229667457,0.92056993100952,0.6515942778797569,0.4823127479291142,0.6592231428990006,0.7171097786241819,0.7649658831814758,0.7699414570323302,0.9605670613808174,0.9132589716355184
2022-01-12,0.8595602483861404,0.8486096209188297,0.850623578271714,0.773026272436852,0.5219617123275737,0.6445400074556105,0.49756774671107507,0.4476698781761886,0.13520208878326956,0.5828017187050425,0.6708763606649535,0.592044659953183,0.9169965757865438,1.0,0.9242298906731825,0.9483492042987547,0.9301744814550422,0.643525679957422,0.5055524062616831,0.6545917224940859,0.7079941133530053,0.77105154829417,0.7896562112102475,0.9858801276405008,0.9183214892291823
2022-01-13,0.8547091995668635,0.8562391248560227,0.8501833784061817,0.7738245957749957,0.536943094492102,0.6467652517523997,0.5347927471290876,0.5205169684442115,0.12360320054673832,0.6331063762773964,0.701792253954248,0.579250486449309,0.9189598176386162,1.0,0.9239349785154712,0.9397448282583414,0.934894164497111,0.6292476151831456,0.49381084149244264,0.6564628331048037,0.7218509469665374,0.8037701134746374,0.8222115936712907,0.9806922543520945,0.9367953889569306
2022-01-14,0.8470416475466697,0.8450378223333874,0.8640530465986944,0.7804604151826012,0.5612168138909047,0.6342535746429697,0.5222531318449521,0.5184663150654204,0.1479721644984475,0.6418696853470214,0.7015212638614249,0.5522155780585901,0.9188180732163366,1.0,0.9201835899658047,0.941471068708443,0.9389040268948998,0.6121583428681922,0.48534955980622574,0.6617142367029387,0.7214960188231416,0.7978955612277152,0.813249126869125,0.9808946624408277,0.9299068613103837
2022-01-19,0.8426244694502599,0.838834068210054,0.8476508052027132,0.7652780799783033,0.5286074531815613,0.6079797564519479,0.5524809134888427,0.500579651270471,0.1561576210272853,0.6415831810191561,0.6884325570349127,0.5393588309290348,0.9167468215287186,1.0,0.9159840559985345,0.9345346337159877,0.9398725835008461,0.6348712147481667,0.5005626287160243,0.6754681835861049,0.7195191311241483,0.7830038577947176,0.8050505916562142,0.9801855960905795,0.9232251949504681
2022-01-20,0.8551188001050564,0.8438525672739675,0.825952202956207,0.7623582754314486,0.5158949307845451,0.61277141181689,0.536114206084608,0.5172103030821104,0.161164009596377,0.6392334042972901,0.6774182450758006,0.5391495440568167,0.9127459895885539,1.0,0.914070350009715,0.9366046424960636,0.9468056723713552,0.6407155162082213,0.4942653189799697,0.6918423751780592,0.7151128647713801,0.777761436245403,0.8016225006110459,0.9707804074661328,0.9224855148154621
2022-01-21,0.8097437321212584,0.798980874726328,0.836499485728805,0.7725406785101093,0.504219261664144,0.6084458754777127,0.5229933822931926,0.4591952521174998,0.1939103502133307,0.6299631648185,0.6653027016520515,0.5242389813235258,0.9115233201753955,1.0,0.8961282163746046,0.929547142000389,0.918621912461897,0.5744586904768025,0.45631512557104426,0.609143953546819,0.6786407282399854,0.7285385184892594,0.743183496286062,0.8706396745690234,0.8502554966594822
2022-01-25,0.8096260573336872,0.7979820353690867,0.8505870768836836,0.7762520774207311,0.5044021424995908,0.6067128143633399,0.5285839334402781,0.47882380974001915,0.19753318895609073,0.6362825322550387,0.6677228214214548,0.5139948459095665,0.9120644239062129,1.0,0.8937667271866595,0.9283978782723509,0.917355516253745,0.5666470085351336,0.4503952487134273,0.6041701058411592,0.6866623455729479,0.7393457316934365,0.7524020351018762,0.872620673239315,0.8645326190754942
2022-01-28,0.7682780016492974,0.7593452497528882,0.856605919200406,0.8057320508855625,0.4670066897692723,0.5990377722589715,0.509739437717649,0.5165251265620545,0.20018789952971802,0.6295666863355243,0.6584971580754189,0.516185912754665,0.9171759526089247,1.0,0.9046022588780269,0.938723479924457,0.9219247876304895,0.6066169762789134,0.46698122060709135,0.6202335108392333,0.6782885687551071,0.7321276944659177,0.7485266687307488,0.8667181974605088,0.8433636014436352
2022-02-01,0.7721690689991574,0.7619681213401783,0.861565266581955,0.8139704021703169,0.4699246762258296,0.6162946982732203,0.5280014678277252,0.5044343358089274,0.1983954769437438,0.6235075094986756,0.6508132735366712,0.5081013855332814,0.9118193574039138,1.0,0.9052103583126685,0.9359880385457585,0.927611461013486,0.60433937193979,0.4703130650555712,0.6181553286818646,0.6690726815506515,0.7263211243577423,0.7541422329773818,0.8762316972820539,0.8477885606007528
2022-02-02,0.7770247598478798,0.7703695920932868,0.8674826284001519,0.8220368216200902,0.4997003047945615,0.6265524537735769,0.5447412009776504,0.5488399884118504,0.19611627988419855,0.6242468314044978,0.6524518589864048,0.5427250539167022,0.906348148934544,1.0,0.9015942829237983,0.9375288428379047,0.9206580988022379,0.6055275798582597,0.47046198325926936,0.623119058014426,0.6821989428237302,0.7388645165795703,0.7635024666701161,0.8861585099995131,0.8591516200228786
2022-02-03,0.7881398403851281,0.7902738950314349,0.8807098982758136,0.8226534229044566,0.5016785452038245,0.6274900893252621,0.5325005587295715,0.5543929300828724,0.2082113463984501,0.6448187324414953,0.6749209063877237,0.5363787149209814,0.9073481866347402,1.0,0.8953585688095648,0.9355878034555491,0.9182821367614236,0.6167772522049123,0.4719536793536943,0.6282817446942102,0.7107725321619421,0.7736778992813644,0.7868654691837199,0.8989836612693038,0.8949842048355023
2022-02-04,0.775066470213011,0.7845543148138104,0.8327659490928528,0.810183680149922,0.5111903183474157,0.6141736737513783,0.5889664011824715,0.5293151001762105,0.2709926139341505,0.6377282998350141,0.6712750440405246,0.5449601064533884,0.9069344994680727,1.0,0.8941179929278953,0.9358081099800577,0.9185933000613649,0.5999732032291222,0.48477816561608034,0.6081373950786794,0.7306292392791632,0.7911553329175922,0.8146876817990168,0.89051017730446,0.9172825245872832
2022-02-08,0.7814227854078399,0.7901563246940838,0.8386103826820599,0.8128219580953766,0.5259435205250946,0.6369373420242433,0.5925629773311838,0.528896834690738,0.2722377394520116,0.6409439745202922,0.6746851858458226,0.547584173971383,0.9094616153599913,1.0,0.8867062458696884,0.9394078563155036,0.9156759382481277,0.6004886522028794,0.5118051588978275,0.6221725168714873,0.7336281665745056,0.7960942653381509,0.8140896530482763,0.8928370371681286,0.918440845647359
2022-02-09,0.7856781576402108,0.7935337033555084,0.8405401095670093,0.8092055947620153,0.5302700659037829,0.6476455821864163,0.5665287295939998,0.5030714621649289,0.23917100029012986,0.6214172549414074,0.6655339976001569,0.5450826834052065,0.9015313721404664,1.0,0.8832885644560219,0.9287252782148471,0.9178259861659669,0.5884103473020926,0.49527452383508147,0.6133348553178489,0.7075877231306634,0.7730918804798763,0.7864515838659565,0.875546453114264,0.8928982077527644
2022-02-10,0.7866121432524593,0.7920536447175327,0.8469091641169284,0.8172541407080621,0.5272281532081164,0.6632813321404029,0.5953471144448884,0.4912160145040588,0.20332769684365515,0.635486792196968,0.6786091668932251,0.5397689468963481,0.9024535481661321,1.0,0.9017196473349727,0.9295920598511612,0.9157466705677697,0.5949434578271433,0.5025215207596145,0.6244795276484142,0.7215124270457445,0.7908968959918588,0.794882260007641,0.8815497367602793,0.9014672939741117
2022-02-15,0.7800348247478199,0.7915790125517611,0.8451875481458646,0.8213463515330715,0.48664869053623394,0.6741379815443145,0.5525669276340354,0.4995799310749995,0.20628694153095656,0.6004191047874949,0.6318219051670941,0.47022047797935784,0.9022171781660753,1.0,0.9011574339591748,0.9282067714079867,0.9076074976492963,0.5977147996350402,0.49997079251251936,0.6189643748733175,0.7153042397652118,0.7823107581363602,0.7901601309914795,0.8734827174539831,0.8863295151991913
2022-02-16,0.8364749824097496,0.841639725559805,0.8609338059151022,0.8356924678735888,0.5161993467656031,0.6674616716445598,0.5540788829581403,0.4928748916903715,0.20181273680306835,0.6018552338355702,0.6424158049275333,0.4994959274343371,0.8989689969216887,1.0,0.9186090036855349,0.9254539816652833,0.9012430621811335,0.6237844818700826,0.5027101263938956,0.6359477754165487,0.7191715092312371,0.798881156263372,0.799775893137297,0.8930122458190329,0.8914728817413378
2022-02-17,0.8506643005767821,0.8599825935870403,0.8678653836856663,0.8504045070134876,0.5275572720247199,0.6637809257988075,0.5264571072911085,0.4966717099384546,0.2259140698312327,0.5286433546827459,0.613910941698225,0.5118586071478938,0.9240437795394574,1.0,0.929067269466193,0.9319674482616152,0.904092076961676,0.6283775592586793,0.6114216014043803,0.6615516399622176,0.7181887000887271,0.8090560053830447,0.8036426829089627,0.8291460256859596,0.8932243052867194
2022-02-18,0.8480726990667595,0.8517144363658847,0.8720163472923613,0.8448259277795427,0.5471528487373983,0.6631030062736082,0.5116026234059654,0.4809212855107399,0.22472952567877988,0.5213855411083262,0.5986724772671618,0.5095474621594273,0.9149156838491609,1.0,0.9201640495490322,0.9200871260684986,0.909147410026388,0.6264441077204093,0.584411625338983,0.6450202947383421,0.7245029164389116,0.8047721495074124,0.7970103622487044,0.8265136401094599,0.8819246252039274
2022-02-25,0.8526214636143139,0.8577987416841085,0.7525329851956528,0.7002843218597772,0.3878647729873651,0.5896985852959539,0.45438134737937286,0.5313047407986503,0.14399754735225778,0.13436136986974478,0.22702744663877306,0.4447734979520297,0.9171866522053368,1.0,0.9288025467291423,0.9238560223395501,0.9094475921666755,0.4099118618389084,0.4099385003074437,0.40658314955319774,0.7442451917319032,0.8481653250068856,0.8400185087172025,0.8152776565554607,0.9164155956725317
2022-03-03,0.8593952641409748,0.8669188214327966,0.7688503995733239,0.7189840150006869,0.39982391999892636,0.598477717438135,0.45393966636889066,0.5344776010991684,0.1427239869004017,0.14097058240877558,0.23223873870704953,0.45242927485288126,0.9225848449932597,1.0,0.9291427399047998,0.9254869016367655,0.9089155310693656,0.401283594278527,0.41569021149701363,0.410576447798457,0.7433921391842274,0.8490450310873376,0.8422000379537673,0.8126957504653053,0.9146717262150965
2022-03-04,0.843492915382351,0.8550995882540345,0.7796199790278072,0.7283972370112357,0.4286042416828469,0.6109827194028226,0.44597229533226795,0.5191331365293695,0.14866633411403216,0.15346725906829778,0.18216458457245535,0.3691574302746257,0.9089376761708587,1.0,0.9135430671903795,0.9135513449110194,0.9028119802400588,0.3880533814634516,0.41036362800069726,0.41866758487714056,0.7195893980832967,0.8329700620848879,0.8175109982808096,0.7994502332759976,0.9034825104963942
2022-03-08,0.8553190269591734,0.8583338494339511,0.7755105206458075,0.727685109422609,0.4288722966171379,0.6040797443261571,0.4430187274323488,0.5180638932241594,0.14835037221885083,0.13109577519949053,0.17211048266725296,0.4130746794985364,0.909234082921157,1.0,0.9127803504574331,0.9150579621889909,0.9014332239842128,0.365629094768527,0.40878373554230507,0.3972584626453634,0.7176358380345148,0.8262355437639338,0.8235824088953291,0.7940153125767931,0.9012953818053657
2022-03-09,0.868354802785103,0.8731885995278683,0.8015266649001328,0.7460589267134566,0.39495413683385927,0.6117731069590611,0.44962185537770605,0.5212799850127903,0.18354761533305808,0.16785039747881766,0.1216867011913856,0.247629085145174,0.9149818713885459,1.0,0.9140637984234105,0.9271177356664374,0.9093407058840244,0.36475879144204887,0.4330137817840407,0.4191259217022948,0.697886393998036,0.7858460076860803,0.7906131896976271,0.7937365569124254,0.8681432458638677
2022-03-10,0.8750760043479557,0.8838981514582023,0.8040086155164268,0.7484719332534909,0.4120892382229961,0.6324311909490887,0.5000948638218441,0.5687400775668099,0.1860191531753065,0.18069503042720828,0.15840414594194446,0.25853671170345516,0.9302603501505196,1.0,0.9324012000190629,0.9331439970433217,0.9005956753027851,0.35456408480002055,0.44139727565840886,0.40180259037273885,0.7237891172845821,0.8094071523157088,0.812317894491836,0.8141536392754868,0.8810152268429128
2022-03-11,0.8740917755964707,0.8856543104753098,0.7898499729113891,0.7324214017826921,0.4125324064045934,0.6289535709549026,0.5087398466764017,0.5781248475941761,0.16491018002785934,0.2072781899695897,0.1698198609958801,0.24671426022058313,0.9265108290608185,1.0,0.9269950743207023,0.9365322958594418,0.9008506056444313,0.3898663766910665,0.4404581189514945,0.4204208385620635,0.7299265733708831,0.817200221545376,0.8146480588795059,0.8167828359081303,0.8841730570636563
2022-03-15,0.871261033971841,0.8824606829803336,0.7898319459821113,0.7289792478625865,0.4101767391587074,0.6142983603879933,0.5057072436501616,0.5696691856831945,0.16964878952688578,0.2036363774139517,0.17413454459468816,0.2284232581360405,0.9209839337980881,1.0,0.9219009879836338,0.9309646413845203,0.9007170751855269,0.3963285824431368,0.4343779169482185,0.41437125358681237,0.7327093177681521,0.8184240415891043,0.8154720113259656,0.817437006846486,0.8851884208010496
2022-03-16,0.8804595865540156,0.8946080503958288,0.7934449266650544,0.729143173221255,0.4208575960874669,0.6110824638881751,0.5022151171279811,0.5513909134525481,0.166731391795732,0.26677320436208185,0.2203180915846357,0.22553108164508273,0.9148809086725163,1.0,0.9040487850261156,0.9177793241652481,0.8995455404246602,0.40572445105130817,0.4024066774467355,0.39187701072872094,0.7316859568457097,0.8190498479610391,0.8161887193740014,0.7879431038663132,0.8795058776211824
2022-03-17,0.8854482669834133,0.8965897148097726,0.7932264846931194,0.7618308792012254,0.4805454527418337,0.649943087185948,0.5220650978236341,0.5778141666046486,0.2352619552668301,0.29973163020191596,0.27342531457551245,0.2613860990990892,0.9086569160640718,1.0,0.9014353041332445,0.9127396800957557,0.9001535953782365,0.38343604463941733,0.41725451454476387,0.38894167385166434,0.764683906308295,0.844825206946283,0.847100359512,0.8163732743641754,0.9117049872690175
2022-03-23,0.8716740748876277,0.8846633394802554,0.7853063365479229,0.7524617529068782,0.4888932999651281,0.6377817334289531,0.5114200253963352,0.5726396500045897,0.24543409440172553,0.30766888229526346,0.27400310851719667,0.2550081274995608,0.9071911810859008,1.0,0.8951007892871621,0.9132638409714978,0.9169885220973981,0.3836137820831737,0.4166505385524766,0.3909078616703717,0.7596374824294991,0.8386274499991953,0.8420887007967075,0.8497686023014146,0.9091052170094108
2022-03-24,0.8705574887547421,0.8853328319659862,0.7837517175872851,0.7516915464211814,0.4876152436796239,0.6386434470670734,0.4970975483196222,0.5496551761076387,0.22664549094569544,0.292528391287754,0.24736538209545708,0.25695975940627924,0.9054853808808219,1.0,0.8875371532287228,0.9188778057206863,0.9147371550398432,0.34968752837995826,0.4049593811143775,0.38409049101381526,0.7567198126706202,0.8354929753067998,0.8371586820248875,0.8485889898166705,0.9052837126595614
2022-03-25,0.8713620351399438,0.8858788868035143,0.7835524474190727,0.7546725324049195,0.48640885622755425,0.6371097163404594,0.5027713463770601,0.5529773770749243,0.22640770450556663,0.266138345472758,0.23395365335543117,0.2582399077940272,0.9091648239391997,1.0,0.8900278225907797,0.9184696173883735,0.9113812332389386,0.33657574883888014,0.4022347725525143,0.3851175452024481,0.7643008907783496,0.8400979620197332,0.8369561948611786,0.8481650634047738,0.9077836663616186
2022-03-29,0.8720945984135171,0.8873628822536175,0.781818512258971,0.7537140859984216,0.48857068462869724,0.6358489861514575,0.5019935806242544,0.5447067724695587,0.23789059739368046,0.272666780386379,0.24510331612363573,0.2388973865438991,0.9060354395797443,1.0,0.8877065422338904,0.912030086878676,0.9231823658943217,0.3225961501189664,0.39055787710954515,0.36334162231108175,0.7617122060467301,0.8439559278347325,0.8377951581491013,0.8442407884423718,0.9040639572456817
2022-03-30,0.8610908968358596,0.8749347697181913,0.7612029205410502,0.7504575134293415,0.48422755355782304,0.6338472132014905,0.5092390235459003,0.532143828225942,0.23750040061944833,0.3279908524845629,0.2910437703641479,0.23681725949282242,0.9010988084450924,1.0,0.8928161777336729,0.9112784465950259,0.9308447235188974,0.33949211400736495,0.39851194845597276,0.38582539678134314,0.7917826439518183,0.8682353776410249,0.8614270370004848,0.8480182264271113,0.9205601757273736
2022-03-31,0.8842768747214139,0.8900705649091909,0.7908947146918511,0.7665207328298034,0.4792587239190005,0.6693729623036185,0.5104137069571512,0.5470657702326065,0.25784454272150786,0.33128860481963246,0.2826153696484902,0.26565852357832265,0.9114845860546235,1.0,0.9005240192962125,0.9236254449027697,0.9331052597192964,0.3230947379650498,0.2918596037528472,0.33528890264673217,0.7792416497969975,0.8713692678188039,0.8569766979038002,0.8575028584062858,0.9150081924653671
2022-04-01,0.8764757269738486,0.8843653923343797,0.7865191697478434,0.7592418122029355,0.47623564728547435,0.6487247775682223,0.5103774718404342,0.5393227867560961,0.2597304965112834,0.3860537106814711,0.3349815509871226,0.24438412555949887,0.9085189807502114,1.0,0.9053754557352081,0.9203550225077184,0.9110019516832015,0.35496715660224376,0.30990128983987664,0.36268366869261404,0.7604716234750413,0.8514027699166383,0.8416471902767132,0.8504647303769894,0.8789004099129883
2022-04-05,0.8840839415459398,0.8896811714845724,0.7949985447080492,0.7525682754598774,0.4653577069166938,0.6504530070706229,0.5035427595348793,0.5371458851492676,0.24057239791029855,0.38490005731028576,0.3338309427789523,0.2535513378324586,0.9084705660528541,1.0,0.9042567938953657,0.9187702337551434,0.914996493836173,0.35503149619048674,0.3188357250371454,0.3682580597191178,0.7622804039511607,0.8499254211969686,0.842452587343192,0.8410286938204397,0.8753419574487935
2022-04-06,0.8645330077691499,0.8699892968133917,0.7572647300364174,0.7113032668094528,0.5316342494064071,0.6583594098838549,0.5037628607260662,0.4930255363047631,0.24366550452855998,0.3638089901886575,0.3016350723544174,0.32695632350448794,0.8943967574725299,1.0,0.8925035396049825,0.9086108309886163,0.9472437667781773,0.29807027382409473,0.3555646141691847,0.35663067627319833,0.7385359681097337,0.8176960985886071,0.8250977066666243,0.8394533485628227,0.8584918609170179
2022-04-07,0.868996266424048,0.878470054063134,0.7752945743442144,0.7289367097446572,0.54043232869762,0.6819573940126658,0.4945324771616893,0.4877509829283635,0.24514618544527958,0.33657125032218344,0.2745112178729627,0.32253896997876097,0.8978489207313141,1.0,0.8881608889964623,0.9063516943900206,0.9452051815033597,0.2762290844655877,0.33768726243624964,0.37757741520454974,0.7409661254509952,0.8154805441508006,0.8268006611538392,0.84768981386117,0.8596997584495364
2022-04-08,0.8587321676975772,0.8670572517654985,0.7622226685164235,0.700031696308761,0.5449710917896836,0.6720931543939634,0.48563086528488913,0.48747910602961,0.24288154357424674,0.3507119682897645,0.28761518357564286,0.32012867900024483,0.9000638458934753,1.0,0.8822262357654401,0.9002405847768368,0.9311870357878708,0.292028642900078,0.34654469389345216,0.3704671204231394,0.7356668644132944,0.8094490069869861,0.8221607640886225,0.8466976939933113,0.8546712387777996
2022-04-12,0.8759436760726443,0.8822907389522193,0.8187229774511645,0.7450699264157188,0.5713771722489738,0.6912985062067596,0.4854791957584179,0.4888775477014876,0.24692457586780553,0.2838460703305951,0.20547675955094832,0.25720609271143485,0.8983714406273237,1.0,0.9045795328961301,0.899076914173528,0.9385054289966617,0.29648313858629377,0.36310480888513913,0.38372232972808906,0.737364889971564,0.8140831552094313,0.8264121970046673,0.845154069619209,0.8589739339358152
2022-04-13,0.8751286681910602,0.880548070612854,0.8029978589696202,0.7353495428151565,0.5837074931100151,0.6779815478233866,0.47638243937148467,0.48844490726350237,0.24691353757162451,0.32563731960512043,0.2488125300740118,0.26748391596306836,0.8996000950559796,1.0,0.8988304031966179,0.8996200353557956,0.9376146499735767,0.29985813516238424,0.36069690758771245,0.39441332279243485,0.7393002897053551,0.8198700624963564,0.8305290606555547,0.8458576993540401,0.8602945671308926
2022-04-20,0.8741639171287574,0.8779468721824019,0.7945285642662623,0.7254334497065247,0.5987863940652208,0.6759940375978393,0.4681941829838227,0.49618876245676347,0.2497674528295194,0.32579600867284775,0.24805043644325003,0.25734453847802724,0.9084678245762215,1.0,0.9038709146705378,0.902536119080245,0.9389027570248093,0.3130657817897295,0.37010661595816524,0.3911532832381387,0.743757941583961,0.8194877781639113,0.8343486539294108,0.8396241508439217,0.8634759887904307
2022-04-21,0.8658960437786406,0.872177329233723,0.7754697940799448,0.7072983599436377,0.5988548277633973,0.6640457813445282,0.467050290290161,0.49919631843745593,0.30181476610388835,0.31162457614132,0.23606724662839101,0.23225611441252145,0.9083193493636886,1.0,0.8927185476051404,0.9014392493833759,0.9384039006416343,0.39833015908746494,0.38272109191932,0.3966612152414041,0.766739499754567,0.825044111060548,0.8500702257026322,0.8265433037196017,0.8626496701099197
2022-04-22,0.8656814378508167,0.8612228964215709,0.7833513165355659,0.7385086154166237,0.6397420743826919,0.6740530677572805,0.4769799922316671,0.5160130948273884,0.3051432460909463,0.3338073605404633,0.261752416258,0.2428839787086463,0.9196183864328795,1.0,0.9007920756183243,0.9047188640693258,0.9330806514974873,0.4040747849900894,0.3044939707251416,0.35153838768675144,0.7792106426888804,0.8530215507269531,0.8801234615044456,0.8403094550104655,0.8940941549575061
2022-04-26,0.8783371513840583,0.8716506242118078,0.8123431381120446,0.7647655409389699,0.6634293137278996,0.6710007883015359,0.452219009396171,0.41223667676256986,0.3160019303366434,0.3052770366614592,0.1909656085728424,0.2313993919732393,0.9191185036033565,1.0,0.9127220268068836,0.9037134506936567,0.938668598123237,0.39173906891656735,0.30078925817449426,0.3197556607257542,0.7794161843150837,0.8515014638901713,0.8782138846807233,0.8293055280330951,0.8961032160716114
2022-04-27,0.8999504518900632,0.8851167251394633,0.8273841442807738,0.7688429100677949,0.6929012006238062,0.7035955258738514,0.5137818763817488,0.5020215257258615,0.33516142447564595,0.37461822730885125,0.21998104083396072,0.23317566461225692,0.9324717284395613,1.0,0.9341886114176657,0.9180595918704617,0.9401767941206455,0.3914678330180296,0.29743280076947204,0.31435869067915423,0.8128274728176537,0.8878336579262344,0.911584968383768,0.8706951915678243,0.9341131680007697
2022-04-28,0.9105165785553624,0.8964333441307402,0.8657106521812997,0.8255656575527581,0.7577657644420686,0.7368668263542099,0.4785324712480794,0.5025359532035744,0.3998256765862784,0.3742362541623204,0.23429047730712022,0.24104920563298898,0.9454477869813567,1.0,0.9506117688982858,0.9250419573122344,0.9233662208485615,0.38701370983893557,0.2761752945630643,0.3085813494276007,0.8050161911722293,0.8874908471370337,0.9030381076652471,0.8682032100697094,0.936564812719898
2022-05-10,0.9052377948388385,0.8828687951925343,0.8295517296238347,0.810792563100912,0.8004047316168624,0.7463098280072569,0.44046237031836855,0.47763960616026485,0.44311474984164456,0.42195623355210277,0.28558151889618333,0.2729247579795386,0.9667401115475108,1.0,0.9687025329215058,0.9414148602144916,0.9110617932369602,0.2970547851706496,0.289043843223775,0.2988743657066888,0.8474389380650758,0.9214659672208452,0.9401541225044796,0.8926837561181562,0.9617232729196172
2022-05-11,0.913135647047208,0.8928016983106567,0.8032941413982421,0.7907427264760414,0.809248701650318,0.7670504395736496,0.44990282253236324,0.4731771371146517,0.44690111471205085,0.43759061327154386,0.3026366412473403,0.2374556527236307,0.9831117198346424,1.0,0.9683592343405533,0.9446595395417343,0.9046542271162055,0.2683743290584568,0.28498233470792755,0.27913295138156236,0.8607467954668888,0.9456398105460242,0.9570097616520714,0.9011206166092423,0.9810469718824963
2022-05-12,0.8685216908638604,0.8440227622529098,0.7814423907180558,0.8157476905872425,0.8403753225469367,0.8130056433179964,0.46340465098771166,0.48487587207037497,0.4389029376218004,0.47377761042655553,0.37632401368643825,0.24291232964963821,0.9532343615974334,0.968284475716603,0.9319308463093471,0.9065384211986764,0.8968022861349433,0.31746493824155964,0.254061157569187,0.34141785052802953,0.8912226610769872,0.9647311291507801,0.9781552094234371,0.9297669401736136,1.0
2022-05-13,0.8813787377179471,0.8566389984238234,0.7913497371297005,0.819949757886365,0.8488612170026202,0.8161940009125491,0.44415810114193155,0.49388888335441145,0.4215511295338089,0.49246477104102093,0.3607232791789252,0.2551104193456155,0.9762060788276102,0.9894200323739769,0.9653233676573871,0.933245538327655,0.9067764904134789,0.32921859735237907,0.2640603680716197,0.35727644707709816,0.8930887153027147,0.9652574443942854,0.9786000890222026,0.9333142958118519,1.0
2022-05-17,0.8858591404984696,0.8597004571896719,0.8016468280472252,0.829898038944838,0.8612022325446641,0.8141796828750301,0.4459821809516529,0.48352102870068675,0.39898699103127855,0.4911407497014246,0.3564875413979982,0.25300193383816877,0.9859551662357192,0.9991394632375038,0.9832728992429388,0.9445700901616312,0.9067403081678774,0.3242395706021123,0.25233198370606164,0.3563738883614384,0.8932691635563109,0.9604592944914493,0.9778282584922574,0.9340695490623785,1.0
2022-05-18,0.8749635017677394,0.8516784695766237,0.7919972932437224,0.8239543351922411,0.8459319824952987,0.8058745892302442,0.4464550259806693,0.5133353755281272,0.3801285082218265,0.5109524070763217,0.3490445474037362,0.2576603414500381,0.9933996019967288,1.0,0.9904100377231315,0.9539014304924381,0.9058768503653452,0.3359954021524542,0.2642335668102975,0.37153026962968894,0.8819736698993914,0.9484513116788058,0.9644532304564218,0.92135319321788,0.9873120599551815
2022-05-19,0.8529092192176505,0.8339055643631633,0.7786770522642424,0.8112992233631802,0.826797087486411,0.7897604157134883,0.44260384191286123,0.5343889617894884,0.39698772680521816,0.4596312781186988,0.30004985420751396,0.22038596572153363,1.0,0.9972993171077411,0.996347186388412,0.9577040700642232,0.9002892298005548,0.32269540979174294,0.25836852845335656,0.35189333405112266,0.8789621456970531,0.9518575360927428,0.9546874745329277,0.9233438374434257,0.9868358284008667
2022-05-20,0.8571210185365251,0.8347946549268833,0.7813895380761914,0.8153850498035752,0.8315376388579708,0.7960787655153768,0.46144014524650934,0.5452506793965877,0.39941068156120824,0.4640265828238358,0.3113973652698339,0.22370222225473652,1.0,0.9972756456387993,0.9959889921822263,0.9583498307038146,0.9019063990885675,0.3364539943331817,0.25991729436298094,0.3586808282536592,0.879521078643442,0.9537343015641871,0.9555740604660192,0.92072875590641,0.9891756217182611
2022-05-24,0.8532692793761361,0.8351555289683449,0.7773577382358254,0.8108652470452201,0.8187039795241896,0.8176099412767397,0.44129295350531894,0.5361222570389138,0.36291556794179175,0.46073564827651287,0.3072012599628626,0.20300142762357357,0.9952658292183809,1.0,0.99034982284267,0.957111255648867,0.8945732258887171,0.30534852300739984,0.26687101963330756,0.36400594473988784,0.8701399795114465,0.9468697853193587,0.9428616001021413,0.9088670897413726,0.9827700231426906
2022-05-25,0.856725778530575,0.8382143503517266,0.789520485808004,0.833788418463923,0.855524086838976,0.8362058911311251,0.4365044473001472,0.5358731672434905,0.3623147121697114,0.4760071989349429,0.33910674306850636,0.22240045960684957,0.9840959749033603,0.9943670126853634,0.979178828037954,0.9473504987080166,0.9122374395183349,0.3182423590344839,0.28901794515183876,0.3619936949422769,0.8672213242346315,0.9668246763067229,0.9462212928578697,0.9156417608873355,1.0
2022-05-26,0.8448304773018567,0.8268776766374478,0.7812863412052127,0.8303689558329992,0.854773726557024,0.8335262479709796,0.43258353105610325,0.53522551263905,0.3648480938811143,0.4798622975114031,0.3433941115018835,0.2220566912511077,0.9802189314617481,0.9860145037318344,0.9713141236849482,0.9428896027384646,0.9077390335677158,0.31783954963736855,0.2893138611115665,0.3624985682359114,0.8719059689345715,0.9666655693981828,0.9464618012451023,0.9156330679928051,1.0
2022-05-27,0.8372488448859549,0.8302543653032615,0.7710418280169631,0.8302286197597901,0.8578290032616651,0.8345156574388437,0.4460807269469097,0.5398732636034909,0.37439647774993134,0.5039109457347359,0.36784819595147794,0.21898401800896503,0.9910831344911194,0.9942215477863455,0.9840704461853083,0.9564777340556383,0.920049581139082,0.3234076904779336,0.2971101111261904,0.36352956328010205,0.8730431036188354,0.9690733550460148,0.9465496363931315,0.9139873475639436,1.0
2022-06-01,0.8228958092394605,0.8240857235553745,0.764940670959854,0.8249956942660662,0.8447101462208971,0.8259655892240167,0.4422887989625608,0.534746901097416,0.375309341736205,0.5001446426621623,0.37188634823221833,0.18018578749984593,0.9826423876963464,0.9804336086861517,0.9697709091407902,0.9474842273324382,0.9045522966808128,0.2920670031742229,0.24913282801649267,0.30756915530418294,0.871743050086191,0.9709014292153941,0.9468675599663426,0.9144231531579817,1.0
2022-06-07,0.8467364633578769,0.8423806403135293,0.777932056936633,0.8411632491284252,0.866014511975,0.8688878745521482,0.4516623767210339,0.5311312739900236,0.3826322561613195,0.5262656180359383,0.3835516804577425,0.1845109720665499,0.9946558430433877,0.9995370387322868,0.9750085092023324,0.9565366689243441,0.9246581267802032,0.2983355988981139,0.26178140360019997,0.3148130468572787,0.8814784196877224,0.9740766719169814,0.9576902776760723,0.916538026543134,1.0
2022-06-08,0.8267719813874818,0.8269520310404971,0.76747591386566,0.8423606310854809,0.8569732746114053,0.8902041185807704,0.4354990137378196,0.5256357795499105,0.3838688692751986,0.5347847615058229,0.383489709896607,0.18030049559356506,0.9902117155462251,0.986045696059011,0.9748764115790238,0.9492582618032119,0.9090334490828449,0.2844673924306689,0.2534178130254888,0.30996058467576354,0.869485637224651,0.9716648984448164,0.9504396632334945,0.9139140840388175,1.0
2022-06-09,0.8114173049551942,0.8152482152842676,0.7497453613839334,0.837179930534477,0.8614286761280595,0.885114109677969,0.438797496218053,0.5194145998532443,0.36826571589683443,0.5206133213212436,0.3718023104112243,0.1907394247276155,0.9816555972159521,0.9730549455116699,0.9693934097378553,0.9394699284001221,0.8896391601087955,0.27502289704539895,0.2445028185222298,0.3089466548621523,0.8641448664347149,0.9690992476656731,0.9452947680243223,0.9124416339399899,1.0
2022-06-10,0.8344177992453529,0.8298687140052419,0.7831468546080741,0.8715463735709885,0.8900979900321209,0.911481495835032,0.4259267134333729,0.5015846592039209,0.3679639498098848,0.533182414246478,0.3853632214242213,0.19797292696348956,0.991976935045496,0.9829704382328426,0.9701876760012313,0.9510800388410013,0.89287497888394,0.3166096502388231,0.23622205992715006,0.2999132862467917,0.8534110377831433,0.9696992190759393,0.9471351494022281,0.9142797167840678,1.0
2022-06-14,0.796648601738015,0.7990011419388712,0.761325621978089,0.8437983787482389,0.8483755930351302,0.8484964203700197,0.4347529921081578,0.5521213105579705,0.4022564949675903,0.5733271301358989,0.42673237890431787,0.20182871591826074,0.9498390268214938,0.9481597566359735,0.937184599852177,0.9312937777635736,0.8756494425328591,0.2706772066626217,0.33272525808413317,0.27255048045680064,0.7897970088935662,0.9506279065021436,0.9159556384719761,0.8961404140956857,1.0
2022-06-15,0.7949185554973868,0.7974045392515499,0.7654818734979222,0.8473307942393629,0.8329593636601595,0.8506969458297002,0.4361890056158847,0.5502861597643194,0.41640748785145454,0.5828688200608636,0.43174013386168364,0.17283081322157487,0.9383984528704513,0.9378729521754872,0.9245164977374156,0.9191312488041601,0.8652915675643422,0.2402023289721931,0.3035532346119205,0.23646461272686922,0.7881247760010798,0.95139169336355,0.9191196882545404,0.8968998521670853,1.0
2022-06-16,0.823684689351693,0.8297406023564249,0.7940243543390437,0.8820125525967819,0.8309357955458991,0.8713769094888981,0.45446896971196477,0.5934338663600304,0.43304429207715184,0.6315095045949969,0.4584792958704062,0.17870516695923971,0.9768916634108549,0.9768961066776292,0.9636838641533908,0.9562327092433178,0.8974859948988312,0.20351293921668678,0.23864223101086185,0.19843791342348657,0.7901769382760614,0.949154193958845,0.9204994635742321,0.8984353788622952,1.0
2022-06-17,0.8171438927428525,0.8250718879004139,0.7982781605185804,0.8613384233733301,0.8201897335140191,0.8447544371248524,0.4065659541290135,0.5229122955798898,0.4373861163830334,0.6384257270156107,0.4692172892810147,0.23480687350726945,0.9648102243389388,0.969794337712271,0.9549159087187358,0.9470210842819766,0.8865112023323817,0.17896849623454653,0.22721626308472054,0.18397197554540903,0.7971860342331194,0.9491755556322693,0.9177681709859892,0.9034683496554133,1.0
2022-06-22,0.8145417960396044,0.8266621686550422,0.800663152013881,0.8580155109742615,0.8249583001887891,0.8396814380416344,0.3994405470759705,0.5306005894737619,0.46622877805319707,0.6573891792204739,0.4757735623612195,0.2069030984649301,0.9650162695534077,0.9692201969472861,0.959755206063669,0.9472897833048439,0.8880274561016457,0.18652932110810483,0.23605804127010963,0.20024570623331986,0.7910328067214288,0.9511806687825721,0.9158864453653571,0.9004760269412903,1.0
2022-06-23,0.832250359978981,0.8426932078354237,0.7824022053998646,0.8436817222345118,0.8194582211561882,0.8357337721956941,0.39139900464101396,0.5228415685463967,0.47285859017468523,0.6797694024129308,0.5030877220587865,0.21307487520858928,0.9669224785647634,0.9671353073030597,0.9673519643686467,0.9548411407221058,0.8916597499072576,0.24405868664799601,0.26183170349106755,0.2451739479824754,0.7895938414044437,0.9434232087608891,0.9165667101887984,0.9000477271199941,1.0
2022-06-24,0.8804460475148289,0.8640139156580052,0.7986477117476771,0.8739324476499452,0.8446829309113422,0.8403989319546554,0.38485209713290136,0.5258632881360685,0.4743095389655807,0.6878442527725174,0.5085722057572211,0.2384148965104923,0.9637838517542461,0.977511802064387,0.9665253067996945,0.9482546719812249,0.8943610614542187,0.23532200595752148,0.25902196688654106,0.235760251554287,0.7950029130349467,0.9446286497280644,0.9243170142819379,0.9049616588259141,1.0
2022-06-28,0.8950895551627632,0.8836827961332204,0.7930527624996289,0.867855637077893,0.8389536774822105,0.8376717862971327,0.37905254766226126,0.5264011023970632,0.4753946249575915,0.6837988735553396,0.5138097205526297,0.2450215988817352,0.9657773564181485,0.9790781848410915,0.9697771664831184,0.9493854314422691,0.9158773120977858,0.23801526155801955,0.258511752918208,0.24057882632602134,0.7946783158097197,0.9429389732061283,0.9257577790550342,0.9066806924662524,1.0
2022-06-29,0.8950685823106248,0.8792060834537061,0.7997446730908366,0.8693092512991203,0.8448695258649647,0.8446193071802077,0.38234384315173364,0.5275946645421266,0.4750638547740606,0.6841631752639304,0.5157256132605376,0.2523174841443401,0.9635856199817959,0.9754017349416505,0.9652278610466055,0.9471828647520164,0.9097163709924717,0.22950657715150413,0.2503197370504248,0.23223889879743573,0.7958712754663172,0.9426606436715902,0.9259261000695318,0.9081671361244251,1.0
2022-06-30,0.8818852721783618,0.8624698664825822,0.7981908521432435,0.8678565207734236,0.8610664836440134,0.8388984336937698,0.3947933788058248,0.5273749132031638,0.4523451447575757,0.6651064138258822,0.5136577073539768,0.2660066976519162,0.9439811887163297,0.9609574087045198,0.9477847684046774,0.9280270754356431,0.8905697241525062,0.19044700943875453,0.21915365826012667,0.19181032414746388,0.801171129915195,0.9427649466118684,0.9283612342533711,0.9074491174840246,1.0
2022-07-01,0.8895940274483674,0.8831514096354665,0.801725466705974,0.8824776944049568,0.8616455245016214,0.854456426428538,0.4138246098043474,0.541032345767274,0.4609718218491877,0.6759225115781223,0.49898582854475204,0.25192641494271606,0.976615826186854,0.9955826683108501,0.9769334219444258,0.9532379205797465,0.9195854760759822,0.18162953133856705,0.1711796376594376,0.1780912832621698,0.8048660239628344,0.9455410871098016,0.9267446726302969,0.907937594161752,1.0
2022-07-06,0.8912182452672965,0.8821477245788105,0.811218180976535,0.8831829099214408,0.8419791498362617,0.8401789070101148,0.4311289695562022,0.5586168627806173,0.46321724101621947,0.6906575239727601,0.49355849754213343,0.2568483789104799,0.9811596425139693,1.0,0.9840172985795712,0.9574650382780977,0.9234200389311443,0.1611348458947503,0.16189038437138606,0.16851849358056376,0.8090036868928351,0.9409448512760318,0.9269509486166788,0.9065278983181353,0.995842558830423
2022-07-07,0.9111717759208098,0.8978580135731317,0.8297764385817952,0.8951667481007336,0.8649527344939976,0.8565297419769399,0.41255922926734323,0.576345003976127,0.4649676705528661,0.7150172045875637,0.5274108051328911,0.2778577168766025,0.9725901785245936,1.0,0.97730166805793,0.9645612233841032,0.9195961890032055,0.14282815832679308,0.14175192434991177,0.14568428887234902,0.8070030258398586,0.9358668284937929,0.9354278512323215,0.9060964649081402,0.9933439966432993
2022-07-08,0.9124424968287207,0.8932362749908886,0.822938037859769,0.8786335286448926,0.8528897678396083,0.8472349872584712,0.39794927029225174,0.5772704462357592,0.4647113105207009,0.712983745458205,0.5331201622787562,0.287889821567401,0.9600131181899205,0.9882027936746302,0.9697015891787936,0.9658439339116732,0.9138717767673495,0.1402343294959788,0.14594302493387373,0.15543377676785122,0.8091289431237005,0.9421520180847517,0.9400205224478391,0.9101361951133424,1.0
2022-07-12,0.9158586833323458,0.8913036089515121,0.8110911258239734,0.8786506434452321,0.8701658827346582,0.8619306618199967,0.4069029868452843,0.5795852295226195,0.4724829200194294,0.7098847005422029,0.523790525137497,0.30575196277089045,0.9573344715623543,0.9873301278807582,0.9720419079109679,0.9650950050239813,0.9159321300520605,0.15886092954232045,0.1556485772229645,0.16044818591242913,0.7994104275032397,0.9407227988763627,0.9406942077075505,0.908582107221335,1.0
2022-07-13,0.8783517165395521,0.85685993840389,0.7956976041933651,0.8778444005219138,0.8566789522264044,0.8592287805605381,0.3966843153901011,0.5741628134950835,0.46727203784729965,0.6683685575980252,0.48670531454928323,0.2988712535159161,0.9395757211308762,0.9652285735719562,0.9551754330555738,0.9480326026895347,0.8991448988202418,0.12250621928519718,0.14057791895624694,0.15098160006966002,0.7989639649831156,0.9433870813548704,0.9341751028628014,0.9127486302561102,1.0
2022-07-14,0.9126987792240987,0.9002237881800808,0.7977223144226228,0.8705385008091014,0.8665281871058141,0.8765457616943833,0.38946852480402727,0.575505965377018,0.4794063571065156,0.6372667831218245,0.42061012553198807,0.2772487822571004,0.9606796795779712,0.9885471429555514,0.9755238089227635,0.9685775213548901,0.9230875624843616,0.10746695975500448,0.12077687033357315,0.11745661451673864,0.8017470337974408,0.9446871801362896,0.9405242066177442,0.9134802156986467,1.0
2022-07-15,0.9146597424743297,0.900561152861603,0.8074983335271473,0.8781639758541242,0.8619050848007624,0.8775699476223625,0.3862734866466841,0.5669889674185629,0.4998233205888677,0.6255529873949821,0.42206665696219436,0.2818993578886839,0.943774872067668,0.9727622985758835,0.9576516541809085,0.9506797390627354,0.9085847112152903,0.10646530089616914,0.12025794426720071,0.11661352874832208,0.8005707050289891,0.9443889678197167,0.9439645409567695,0.913902502150545,1.0
2022-07-20,0.881000355389188,0.8680403526996138,0.7890082807913822,0.8558828236422974,0.827537994277242,0.8635812996583505,0.39251414350532454,0.5637600087769704,0.5027234928995179,0.6064717262856836,0.41750693766618985,0.27480366706167,0.912267811481789,0.9419809560582292,0.9296828555000645,0.9208749596010113,0.8800111302200395,0.11777407896378161,0.12295583148002596,0.12484877674674766,0.7996877535428438,0.9450322095255335,0.9394804685762432,0.910421996867893,1.0
2022-07-21,0.8947591274899321,0.8814534447237433,0.7926810429318784,0.8601877377319762,0.8350922763266192,0.8649176023629187,0.3980490491519261,0.5655545422859305,0.5108054650845361,0.5972031039221093,0.4100793474635157,0.2731787691461551,0.9275878620818514,0.9625095965997805,0.9465332266126433,0.9360891708012349,0.8955302350568831,0.11173576976875726,0.10763399412205615,0.1130206048338912,0.8007012122649274,0.9459239678964547,0.9401340413848793,0.9103234295689103,1.0
2022-07-22,0.9020354425440544,0.886687270713685,0.7898126465991034,0.8572774508773149,0.8251017225609132,0.856605098955911,0.40966668675898366,0.5855380199594009,0.5000834429280763,0.6088597087033213,0.4090114513164524,0.26828408191119496,0.9402424747158294,0.9727218161315813,0.9538505315371618,0.9473407451471438,0.9071370515418657,0.10704124078150248,0.1067359280570899,0.10763029879087518,0.8020676581758716,0.9454272358035718,0.9398437615699049,0.9121267058926752,1.0
2022-07-26,0.9059399469470886,0.8914479971693997,0.7944010253514093,0.8510918133735541,0.8121157348228404,0.8570410413517168,0.4060736347773789,0.5747807245406837,0.49484302851381373,0.6039127423537775,0.3966333071619334,0.2729318138918254,0.930435099215009,0.9656022513989716,0.9433853808279286,0.9369765468444685,0.89737339281716,0.13162073498111543,0.13910191765709853,0.1630299211543506,0.8053066317822913,0.9448058279767182,0.9404130316685115,0.9117458439251951,1.0
2022-07-27,0.9411324754345427,0.9266937377544269,0.828172924489344,0.880695500769998,0.8237216614912447,0.8932651448098207,0.4291063028712933,0.5656414865474166,0.529778371810823,0.5865654591915317,0.3824986460700994,0.25041669156360746,0.9617196473687887,0.9948167601208487,0.9702889122724235,0.9625228017501167,0.9217487009535479,0.15518257800591365,0.16309719136230189,0.20374352337235727,0.8090951903198245,0.9459341034498462,0.9512277798588439,0.9156630783873593,1.0
2022-07-28,0.9405648949080226,0.9252242654160451,0.8151181383746383,0.8512986007797775,0.8201144372718667,0.9125406838253494,0.46700770876836495,0.5971146346728061,0.5300517123201288,0.6033172206349011,0.40870360540146533,0.26162982580782235,0.9424338542046441,0.9818670057519646,0.9594689072650866,0.9464951823047314,0.9060781540562449,0.15286159488916765,0.13462117641144167,0.18930141918357313,0.8597654365801857,0.9452770091917281,0.9427610834206219,0.9168624854920115,1.0
2022-07-29,0.9423287760439611,0.9264719926534541,0.8198520921225153,0.8671522708490456,0.8115437455166826,0.923187310055307,0.46391805982392315,0.59688388846446,0.48495301831954923,0.5982751627960952,0.40944348844123085,0.27055977919746144,0.9370298410027897,0.9760232514074193,0.9496138874995641,0.9427648983542554,0.9014743252478973,0.15605307895183818,0.12555776809179103,0.18935752533675326,0.8599602072270328,0.9453719289391016,0.9403888314252169,0.9192328878043043,1.0
2022-08-02,0.9491564502015649,0.9331899769756549,0.8189920101743241,0.8567899350567572,0.7879180772542341,0.9064019161749127,0.4530372930211414,0.5915667134710311,0.4895859941735853,0.5962808958853412,0.401338382413218,0.26097356228560553,0.9459837141235785,0.9821535797661044,0.9572896823694516,0.9509872442659404,0.9127969893871878,0.15463228294232703,0.12141875380492995,0.16918265725002085,0.8745168920290676,0.9452745032650381,0.9375714605752625,0.9193143815458807,1.0
2022-08-03,0.9578134532409355,0.9448403930486264,0.8231600720385019,0.8610240568809577,0.7921807280956786,0.9084472571624831,0.44351461072832565,0.5885277515550087,0.4911397300797292,0.6226998263187838,0.413467399116713,0.28042739821414164,0.9404452392967917,0.9787818845005203,0.9633231187710988,0.9476755202182399,0.9061341180810684,0.15584828292511715,0.1252914387702321,0.17051264980912043,0.8786559337025045,0.9445811460944218,0.9401125905543449,0.9189212350556425,1.0
2022-08-04,0.9585255156878045,0.9484722196123136,0.8225718454105699,0.8592391454161983,0.7962670546112247,0.9092704400774637,0.4538237075016679,0.5956018639489868,0.4877401515263421,0.6198446003197514,0.41040827650874245,0.28977811620059835,0.9390695829770933,0.9782582076709508,0.9558638631745792,0.9468104627894091,0.9057533438093315,0.17345247799703717,0.11783804867121726,0.17060757877915422,0.8754962835315452,0.9437326501952427,0.938649777515979,0.9184644134704033,1.0
2022-08-05,0.9611426038830314,0.9499138615265568,0.8215300005951225,0.8656959475742034,0.8134700549206305,0.9126578708513986,0.4821780423372394,0.6147172736467731,0.48996046960075984,0.6164295557215864,0.4040236557599544,0.2881609377720203,0.936011723448668,0.9785732828221236,0.9560077693231424,0.9468315998892507,0.9018733975663867,0.1913585284953177,0.13553132492868009,0.2009294355374252,0.8762543365524401,0.9474400565162107,0.9170353013945748,0.9120474970577545,1.0
2022-08-17,0.9546147408208477,0.9442254956411199,0.8279936588498652,0.8669473642054368,0.8096859834920263,0.9038534216672549,0.4818108400477552,0.6186463564459853,0.47496699378640045,0.6004226494721857,0.3859541022388074,0.29195039609460127,0.9345320829009969,0.974447228115372,0.9551654414299748,0.9362928670765416,0.9007923915341831,0.19872972780827572,0.13995854294221277,0.22258803579990605,0.8786470849520284,0.9481683390750814,0.9163895604751384,0.9123265619112519,1.0
2022-08-18,0.9173156870427305,0.9064438297304244,0.764469074751446,0.7994946424157243,0.7765261152485978,0.858313219665879,0.48662540805009813,0.6265454554192098,0.39767813484863057,0.6263040468720604,0.3965081125784623,0.2975963409043883,0.9013554933470388,0.9391784787990433,0.9165213471787823,0.899581582658799,0.8712597921690788,0.14993228584974444,0.09658659968034339,0.11376708106844224,0.8811017885300461,0.9500256420824462,0.9067301962142714,0.9129146369475849,1.0
2022-08-19,0.917988587602566,0.9109208582158468,0.7732288967427008,0.7943462506387026,0.7917790683067408,0.9092250208122119,0.4615913619910341,0.5760271261289504,0.3999938573822395,0.6127676365178686,0.38885940835034455,0.3210800465467389,0.8969098914731702,0.9398987081863892,0.9225570011534776,0.9058678409042946,0.8767801007609738,0.1493217778097019,0.10532903082485791,0.09934615251759782,0.8760072908013544,0.9476496892563692,0.9075409845550554,0.9121117537855647,1.0
2022-08-23,0.9529698143869225,0.9412058389563784,0.7913444694905638,0.8070715213512502,0.801977649017248,0.9178269265343798,0.42977614670154146,0.5569920559627736,0.40239216192641397,0.6058046952794296,0.37597643038061085,0.31877916621551533,0.9062640379096117,0.9459586670449599,0.9420098955807621,0.9175255089799642,0.8870933060313536,0.13979343543799339,0.10308414739843925,0.09315710566838158,0.887504249408106,0.9454305550143628,0.9163841214127728,0.9112358696085721,1.0
2022-08-24,0.9541379867081983,0.9426392848704311,0.784730098241165,0.7971219418990263,0.7951320991648574,0.9021065368166329,0.43064139843750954,0.5604280644118438,0.40401214271395103,0.604061888762388,0.3704479258916965,0.3193488463355925,0.907955506094353,0.9477106670872333,0.9436288503153587,0.9181675934650466,0.893388051455095,0.14099609160018792,0.11116020194344826,0.10740211771092777,0.8916284284330077,0.9470024987064766,0.9141039404110005,0.9124963442873341,1.0
2022-08-25,0.9723520038242539,0.9601465205854525,0.7983479682047538,0.8075678571124733,0.8106956053606024,0.9049742611540413,0.4229220323638684,0.5511537332966738,0.41212981478109606,0.6036712071887006,0.3686701841177489,0.32555600077895847,0.9155684488876088,0.9607804973101334,0.9533255147510756,0.9267507854175783,0.9019071674584748,0.14562273933290754,0.11454411269270043,0.11959695038941867,0.900458032175313,0.9477967912004581,0.9156481807093266,0.913887286745471,1.0
2022-08-26,0.9829813362338955,0.9686875848383432,0.8151043446928726,0.8194894153067196,0.8013385926525971,0.9032394243810852,0.43926281080290697,0.577015367209766,0.4186781924483874,0.5458926556330799,0.33868621733413545,0.34029558736490895,0.942485170202907,0.9866074081123459,0.9856883868853401,0.9384171966605452,0.9327862862806765,0.14286033541873444,0.12286071642306447,0.137391722966162,0.8988554414728289,0.9467186136166681,0.9161024796222353,0.9122631552734966,1.0
2022-09-02,0.9852465746567606,0.9661950238191019,0.8554244265950727,0.828621703121291,0.7802914984974958,0.9016782413762036,0.4609426618881844,0.5779606571333343,0.42558777721114444,0.5515244536447235,0.34404703672492215,0.3542507447729296,0.9707631064350754,1.0,0.9933341248956569,0.946207000165722,0.9391532281786732,0.12245491407192305,0.12010038771649705,0.11478110937691798,0.8993000873363926,0.9449298272232081,0.9160248865474854,0.9126469237991913,0.9990259742124629
2022-09-07,0.9550283874207396,0.9332219928735643,0.8371266622580869,0.8119866300924553,0.7650383438817568,0.8852279469972547,0.47297849361322786,0.5782961789590494,0.40204582257462507,0.4901168262559128,0.29133661813851874,0.40815284369410176,0.9648953436713192,0.9923864534063787,0.9954688813926427,0.9509696147639204,0.9394635424663486,0.1330611217519868,0.11761819374602725,0.12001031615344415,0.9017651143119982,0.9497242201887021,0.915525796374075,0.9120886209785694,1.0
2022-09-08,0.9530164332017728,0.9307430141196292,0.8259471135419363,0.8069111563072429,0.775231256881563,0.8876574010019361,0.48473566187491113,0.5814529721290025,0.428467043583055,0.48716478589973733,0.2963473391078294,0.41348250985351215,0.961553150658173,0.9887442889663851,0.9906200640406588,0.9479598950224563,0.933330222123913,0.13973638147978623,0.11600538695121751,0.14004123365986657,0.906291263666659,0.9523777782061811,0.9111458617781845,0.9153762470699021,1.0
2022-09-09,0.9662037645447696,0.943418463922785,0.8346904574981111,0.8256656079394735,0.7877125329216359,0.8954218266905936,0.4833019397753287,0.5874114093828426,0.3862686782938313,0.4799673808279853,0.2956211246485637,0.39637145220257214,0.9403083072761913,0.9762566427722882,0.9874500434334686,0.9413786814947327,0.9206893159500938,0.13350568216266287,0.10406919371306851,0.12575866439927808,0.9051356861826294,0.9518766765263721,0.9102353539899177,0.9158482173329289,1.0
2022-09-13,0.9761084764283156,0.950790164989303,0.8229189040443043,0.8224334049660739,0.7999677846905622,0.8485164114596605,0.4876267854782852,0.5971299175644154,0.3902703141478693,0.39721530368851454,0.35399424241447874,0.3708507798871843,0.9403049116754828,0.9696158222082053,0.9743950467727166,0.9346922194424422,0.918055042481728,0.13680404072101535,0.12421128053208451,0.1341883329748234,0.9035046482523721,0.9507499975947328,0.90867139478284,0.9183628040597017,1.0
2022-09-14,0.9721429622503572,0.9473172862471294,0.8297987043148213,0.8361393133315628,0.7965488824628959,0.8641268673883157,0.5139508640845193,0.6320024490549717,0.32181849475275626,0.37892594167434934,0.33107998861667537,0.33763243111989744,0.941815964698133,0.9775336983815504,0.9763860438904086,0.94274129982433,0.9229600918720159,0.11353481686037463,0.12298764989628246,0.1262099254998839,0.9035845817703528,0.949086599908521,0.9013132853694543,0.9195819926474899,1.0
2022-09-15,0.9536867697354263,0.9287653638092536,0.8179432181224011,0.8288801129990315,0.7860320016723787,0.8698749681176712,0.5055875711367819,0.6174097280007544,0.31506070629714644,0.3144077822354487,0.3637430258709797,0.342440334664361,0.9125825422196219,0.9463459943752667,0.95698302753617,0.9167290158843482,0.900576749347461,0.10344187212535397,0.12933046987059263,0.10982879785723886,0.8985260259219053,0.9529320912336562,0.8985187037136986,0.9194773571941599,1.0
2022-09-16,0.9480128298572007,0.9223953227174944,0.8097764357586749,0.8282936309007761,0.790024588079488,0.8680131288581124,0.5056912576329768,0.6369134022334152,0.31529514360661787,0.30659592817088843,0.3628382278156801,0.3377470487953221,0.911333922396121,0.943876207170907,0.9569198397296362,0.9065006592325295,0.8976647719937684,0.09598263737903831,0.12968817568828098,0.12260919170142243,0.8873399217396492,0.9549262171504269,0.8967898326122945,0.9203984795040379,1.0
2022-09-21,0.9158727295241434,0.8925952705351163,0.7858433692345158,0.8108680299181757,0.7914459712499434,0.8643339254225011,0.49207330648104086,0.621798894829232,0.3134046203490781,0.28210279511720143,0.40778316492573474,0.32811248134405296,0.8910138094259045,0.9143709436975908,0.941529743363594,0.8831201648077023,0.8777609030210289,0.08714174841090838,0.12899771217674336,0.11878984913552124,0.8875213647275502,0.9578901355631119,0.8984366883569675,0.927704598802182,1.0
2022-09-22,0.9001551630954827,0.8765018226803509,0.7729642264885382,0.7972060276437255,0.7872141227454552,0.8455948485077082,0.517066180094347,0.6338568510835461,0.28985409111317356,0.26369489844352406,0.3944990570308101,0.3171505805448503,0.8799369369004483,0.9019985626970323,0.9313006750456932,0.8715816462756197,0.8670753040127445,0.10049405911267269,0.13349749785607318,0.12133996644943096,0.8827186841804227,0.958909636361192,0.8984158636226868,0.9301809693428439,1.0
2022-09-27,0.8993863752151793,0.867088305018779,0.7490454557368227,0.7727834566030498,0.7757207673650242,0.8255116344195924,0.506106852065915,0.6281246877991361,0.2907449561407366,0.2859527222471756,0.43170332366824254,0.3319018743119143,0.8647850284945231,0.8860790115840433,0.9215422459884172,0.8611946784642976,0.8535451656629741,0.10110780512806436,0.14597247975419303,0.1446032742469807,0.8808323256770325,0.9568444858910682,0.8990729134011655,0.9299384512120291,1.0
2022-09-28,0.9053749190730835,0.8715466483569191,0.7485650795115452,0.7728664990944795,0.76925347120592,0.8094473052332106,0.5086279906963078,0.6333513902302523,0.28953395604427795,0.30390529649825787,0.45571839393203667,0.3308610618511147,0.8625878950465333,0.8821093050272639,0.9171015883843153,0.8566007016625927,0.8526771850123016,0.1025602390166548,0.13081148489517203,0.1343785449515013,0.8816602095725844,0.9577511727516296,0.899543062811593,0.9307172535464181,1.0
2022-09-29,0.8947445791982576,0.8561014770397759,0.7131090936580811,0.7436699021506298,0.7659540431981549,0.7820881574135504,0.5037040303472122,0.6224212782542003,0.26871534514594314,0.39904259168434825,0.5460446417508434,0.40306054486072507,0.8672499502291979,0.8888495618647619,0.9207537240249548,0.83690350667659,0.8513012953389308,0.09893305425497709,0.1544927148504587,0.11938539631056487,0.8785824739082294,0.9550085546860638,0.8996251952923,0.9364049272339989,1.0
2022-09-30,0.8947200427514496,0.856604648702946,0.7345260326629172,0.7629725557738278,0.7353568014020414,0.7825911832617228,0.4374583310144898,0.5723948917141866,0.2839780117275087,0.39946633727724606,0.5462358772915725,0.41205430688614375,0.8632595648636769,0.8870460796404495,0.9039787188474281,0.8350050873861612,0.8457049584147649,0.12795026043330854,0.16760511282637716,0.14278360715366617,0.8738527608296821,0.9553589861119364,0.9001589772206825,0.9343935215494665,1.0
2022-10-04,0.9169536987009895,0.8780027004579871,0.8046232759383144,0.823231356538056,0.7683540291275983,0.8331828679637976,0.4315120617419609,0.5659453212090746,0.27589110995465366,0.45414949046697867,0.587062852249553,0.4516270831601536,0.8749259728518095,0.8966102218611821,0.9015567698077196,0.8312593483810269,0.8522886799721991,0.16795354045382138,0.18014212840047797,0.18769556894474063,0.872856850246008,0.9506710028356188,0.8990344365297056,0.9354176287938872,1.0
2022-10-07,0.9132267561591094,0.8731722791238595,0.8128801977340822,0.8257207772211718,0.7732563772469492,0.8469375283727546,0.42652198848091977,0.5634499191016469,0.27796917796385945,0.48173873948570206,0.6017366345621775,0.43748913256515776,0.8759309034738755,0.896831700674154,0.9026581369947625,0.8175025769562352,0.8521035784211182,0.16433042210484788,0.1885723920535805,0.18930925911193214,0.8754171472819504,0.9499155193419405,0.9003031408403057,0.9360566143567488,1.0
2022-10-12,0.902260239504916,0.8596473954536774,0.7949880671736904,0.8088364020449104,0.7575308243837398,0.8219146176724893,0.42859549833895777,0.5673129984136989,0.27996502687795116,0.5125413445071602,0.6277674446395608,0.4477332745945992,0.8718593211457651,0.8917023258844975,0.8986600688832875,0.816031187094399,0.8467883314971711,0.17693726691094055,0.1738250100744868,0.16901000663547133,0.8746592683964114,0.950798267379912,0.8996323662738387,0.935613605777886,1.0
2022-10-13,0.9028390797098887,0.8651619492004275,0.8213881814441004,0.807220183199371,0.724642471779724,0.8035612980945132,0.41229735168812587,0.5444996101196935,0.24369216647617734,0.4708165062126182,0.5795009403418908,0.4161227398702428,0.8835864869058068,0.9045651721204381,0.9145479166358572,0.8272488375533062,0.8548202797793978,0.22564452509022254,0.2033352807607901,0.2533615209410007,0.868412674667106,0.9509676497511831,0.8954257346563348,0.945482142964805,1.0
2022-10-14,0.9286059885293765,0.8846881601525166,0.8233768514405835,0.8068464190822153,0.6494072925092039,0.783860380630723,0.39840327188963814,0.5173110489878502,0.2142466944423563,0.47994650618090706,0.5874610335889991,0.42287944527860416,0.8867991980811855,0.9064728776860672,0.9199412938407755,0.8298891272948399,0.8672648444743369,0.22998598401473797,0.2199424767040155,0.2605352135206852,0.8655429049515876,0.951273784821105,0.8457548410642425,0.9487621652046423,1.0
2022-10-18,0.9136662630771734,0.8703562744243545,0.8238122289782874,0.803646091013106,0.6528351954532537,0.785543316831177,0.41115960982134686,0.5240173153120161,0.22149915926900976,0.4521599000351726,0.5630352347125978,0.4154550563905944,0.8743321833401033,0.8933959012089663,0.908586991843576,0.8253876114055252,0.857802718491609,0.21290567462428905,0.21638602003170088,0.2672037677725413,0.866112938984973,0.9456500375450994,0.8436121322703501,0.9482496508713945,1.0
2022-10-19,0.9122781121232935,0.8694470218574938,0.8227973660919162,0.8030070560521323,0.6515284884627918,0.7875628203704252,0.41300886735828907,0.5263616706658715,0.2158997215273057,0.4570345105120909,0.567144003047006,0.405454132721873,0.8736650439704992,0.8907130139554973,0.9086690908456625,0.8269294926594161,0.8576007143034852,0.2204552087429016,0.21564807459671284,0.2651942799291305,0.863041496296336,0.9456024184039439,0.8433563664595759,0.9471106651143633,1.0
2022-10-20,0.9014457691473825,0.857616612272427,0.8075397386706709,0.7866021972099537,0.64877914210317,0.7802214556771019,0.42200058089935033,0.5380020313539406,0.20647980297549196,0.4887215793481959,0.5761893687813076,0.41283589670021276,0.8701129103100171,0.8890989582583608,0.9105501046427241,0.8327870031797756,0.8605363876473092,0.22288588670872972,0.21110444069644718,0.26973647068426565,0.8677496842134232,0.9460319660665437,0.8443687414429474,0.9462342440106771,1.0
2022-10-21,0.9111878966588083,0.8699403977557394,0.8143792565447296,0.784373312102704,0.6538447677691521,0.7703617118970816,0.41286982010955214,0.5368338128276122,0.20918419959118292,0.4858157189788545,0.5707220771763973,0.3956199515322103,0.8712690338955322,0.8887753490893475,0.9083518110154081,0.83026523136074,0.872058100338318,0.2679195788535439,0.24704623349030158,0.3115682790396422,0.8637836242683037,0.9456911682901055,0.8426113589169654,0.9434856288805212,1.0
2022-10-25,0.9109602493757046,0.8721626988695476,0.8224153789879382,0.7761118670824343,0.6565480393942665,0.7531460357824029,0.3923199087642246,0.5296979022829984,0.2137201359120984,0.5035837504842073,0.5810466248848419,0.39128023608761586,0.8720698428030358,0.8861543348465203,0.8997069527016798,0.8091570395906489,0.8781310496120648,0.28201664635240076,0.24811734371725347,0.33993281771987655,0.8634555022785981,0.9450475814033872,0.8424883172989603,0.9432045333896663,1.0
2022-10-28,0.9175742645223492,0.8810724556471428,0.8299476779320731,0.7788791286411658,0.6606035967457664,0.7663998737372892,0.3941973939397069,0.5445838280093314,0.21480599577803713,0.49838996699124616,0.5790654315060201,0.39115901058094954,0.8862005165621336,0.8996100674402001,0.9174927334872606,0.8268340942428557,0.8950799388696028,0.29211794709662714,0.25626699704555284,0.37360895224344304,0.8692766884598594,0.9442534274278003,0.8426040723419236,0.9506989009103058,1.0
2022-11-01,0.921448039062227,0.8845431441679449,0.8317702463057736,0.7868236237042211,0.6625441110616015,0.7670613255305423,0.3986040772478446,0.5386336568446787,0.23111745892154856,0.501530843537522,0.584858649893767,0.39671529939501754,0.8889149388427272,0.902945192864089,0.9199249283600524,0.8268097575966283,0.895863547109366,0.29347221851513794,0.25630728297599026,0.36988260441469606,0.8752465867237472,0.9425967411387735,0.8430686002103037,0.9530919344935391,1.0
2022-11-02,0.9228104991171893,0.8790598886680331,0.8124540036909098,0.7827226638870367,0.6527022859663126,0.7474735330393554,0.40462066489681764,0.5441261288284834,0.2475503923275387,0.4946955958428096,0.5836274922303408,0.38031327478912913,0.8830165357487292,0.9073912870685261,0.932896819025643,0.8342344247024339,0.9105696311641175,0.29367031747500494,0.29792668450178994,0.3512720889820542,0.8734823350555826,0.9444138492685413,0.842868603863988,0.9527225382451483,1.0
2022-11-10,0.9510596615782673,0.9536740146358526,0.812446025474713,0.7782464364237177,0.6174746655459074,0.6925586623929963,0.40016681340792953,0.5501383506141065,0.26823888714512006,0.5264841649243259,0.6003221601501828,0.35423902653552547,0.9565713581853218,0.9920599115535087,1.0,0.8828519455071933,0.9667956834727796,0.3619536602609811,0.3289338470613,0.38131593119106055,0.8343180993051144,0.8828666529318596,0.7863653207543045,0.9079859752752464,0.9314868013654843
2022-11-11,0.940708137276119,0.9430647967177026,0.7925820940444432,0.7436068592473628,0.6297215005813473,0.6882520021477199,0.47299975390886145,0.6130453236919042,0.17092928038111257,0.5247745451675325,0.5960457701675712,0.3457174525685751,0.9481725033219226,0.9846224608576516,1.0,0.8744743096689498,0.9594185591660724,0.35870398067182985,0.3356510009436167,0.29961936527216176,0.8312321770355768,0.8672470229339075,0.7458915451303707,0.9064355680025376,0.8889122462433897
2022-11-15,0.9541811696583952,0.9554248079155092,0.7965014030508585,0.7455117356489035,0.6227113486191795,0.6946325768751962,0.4854668773629333,0.6284560438699323,0.1746453055953734,0.5642222303910005,0.6287092302813285,0.3981826498864836,0.9480683862845397,0.9892730206361299,1.0,0.8764943525229015,0.9624051325165203,0.3667035509984904,0.3468177662140399,0.3098887945115302,0.8377981708270841,0.8769915231077693,0.7476931302941969,0.9188400995548113,0.8966616634057235
2022-11-16,0.9508909363134659,0.9526907384871073,0.8012705488494298,0.7451889013770712,0.6178940719211051,0.701780809411012,0.4907631621257357,0.630703313811167,0.1816503013425541,0.555902370338239,0.6176001681130456,0.38618646984542304,0.9481543160613726,0.990564743965457,1.0,0.8759107226070598,0.9594214227243356,0.3719008866125293,0.34736729492486373,0.32122402064372607,0.8348778367297663,0.8748302547115864,0.7414790459939784,0.9149594624368667,0.889815625389661
2022-11-17,0.953965584277859,0.9575826531208146,0.7950100416465787,0.7408550840687435,0.6182520639685521,0.6972147274678457,0.4907117841699821,0.6345040220208386,0.2111664962222376,0.5589834501519861,0.6213317370422741,0.3856667867509923,0.9496777228344369,0.9913533504192719,1.0,0.8744572373344218,0.9588045321913005,0.38668245870132517,0.35258475917056037,0.334793913633303,0.8376298796651975,0.8754392422271632,0.7420793595900003,0.9179775804027123,0.8920946983325336
2022-11-18,0.9588451248675272,0.9620431363966394,0.8077488808320811,0.7489426242314301,0.6156718179078812,0.7175506129983811,0.4799855534006258,0.6277856597396836,0.19346415394029295,0.5596528504036289,0.6277009394634913,0.38601223753767117,0.9519070870605969,0.9944114159021248,1.0,0.8752553283406833,0.961674439724959,0.3838471728807616,0.363954746541408,0.3383558164723255,0.8462679550948217,0.8743873627921243,0.7488391765614222,0.9220332852413952,0.8985913461058089
2022-11-22,0.9514401572195281,0.9556715449131231,0.7695206994124768,0.7160416875863195,0.5960965816628035,0.6946366243710967,0.4814256604248429,0.6233997417863947,0.2030250065371007,0.541682775627513,0.6168004438440093,0.37403788113810904,0.9508895491844772,0.991680339484136,1.0,0.8731633136710173,0.9596767366248073,0.38408264283150806,0.36235994630817536,0.3407419263482575,0.8356251097038229,0.8657468654660653,0.7319456789421593,0.9153134138673483,0.8837582810822151
2022-11-29,0.9719317367476785,0.9707488938512513,0.7878971368029318,0.7304372516585347,0.6051232514238913,0.7321503109418518,0.5609244813467466,0.6977481047785106,0.21804319972886493,0.5605647343340017,0.6294063912882913,0.376663201037322,0.9510494685670988,0.9953883359164749,1.0,0.8619032879899188,0.9690120419134653,0.3956830116110434,0.36951615696640044,0.32902236573519883,0.8321440263016416,0.8639268088422202,0.7304191604300353,0.9011716092346364,0.8824624785684392
2022-11-30,1.0,0.9847336348641212,0.7929347136750039,0.7646232894102697,0.595309002836498,0.7436897479937739,0.547766605805802,0.6731940657202481,0.2576591819696334,0.5391714446933203,0.645180490743451,0.4124214637436731,0.9565189646679767,0.9908089335829248,0.9970237878742176,0.8616969282273944,0.964061626452208,0.4117747687353954,0.3619527037376255,0.3419487459408381,0.8128272569768846,0.8492736162367617,0.7400960271014304,0.8896651138090105,0.882306725004347
2022-12-01,0.9827023312946915,0.9736189285811481,0.7772191633138456,0.7419778968785803,0.6082966882043951,0.7429445303152348,0.5812860887756752,0.6999757508676905,0.2712294920073079,0.5362848815393896,0.6655399185108998,0.4009830674598892,0.949896408392566,0.9883404159210665,1.0,0.8687058189880392,0.964950594492905,0.41886684412942826,0.36076779972720624,0.3438258203286102,0.8379138522294839,0.8640069544347708,0.7347277402102897,0.9067010044344621,0.8965306806086374
2022-12-02,1.0,0.9876739409042931,0.807859096456707,0.7665986507901366,0.6078990286548637,0.767231980375382,0.6369096538275971,0.7344985394701391,0.33669649389730466,0.521581718590608,0.6517475221426728,0.38111730458092846,0.9614355843588378,0.9921782950941621,0.9992270840108941,0.8752427283973413,0.9621888028171774,0.38194247046031365,0.35101966981774896,0.3273769493321886,0.7925062109762151,0.8418308254417113,0.7074090179837372,0.8885302903660449,0.8856821743464367
2022-12-06,1.0,0.9824537657872463,0.8485421141590245,0.7991666077148516,0.5981056135068724,0.7629784307252553,0.6455352918013437,0.7376160281845022,0.33994229815791277,0.5295862677392889,0.6588243706059674,0.4232613847707669,0.9585934673634827,0.9829929927169742,0.987991380860365,0.8566119486249033,0.9548941185224902,0.3654901416980165,0.34302291270504104,0.304510753204766,0.7730459215544426,0.8270787281308701,0.7038355684793532,0.888068436068367,0.8743080403891511
2022-12-07,1.0,0.9839684923307958,0.8471306074054505,0.7709981865153875,0.5653486202814716,0.7160735866700484,0.6264565273058894,0.7004245566788186,0.3294033367796421,0.4611681228482931,0.5699710648641783,0.45045426633511276,0.9569089694156686,0.9931758336940376,0.9921290869473608,0.8717225025020333,0.9695090669949324,0.4731735576315793,0.3298253447946592,0.41912932659262314,0.7325777991358584,0.8205299616270374,0.6836327354214458,0.8630060428007514,0.8598197813836145
2022-12-08,1.0,0.9837021348125815,0.852900211800546,0.7807773335695233,0.6019347714380398,0.722505113498454,0.6153049212709646,0.6958202291353608,0.3635842077600585,0.4744206580388401,0.5719263477865995,0.4435518915768465,0.9622853977982294,0.994289983881303,0.9928999988246754,0.869724220207022,0.9683393537730764,0.4854939464056671,0.3425047774442455,0.43033447492249227,0.7384493213099098,0.8290771930582236,0.6858180451411157,0.8722149974873653,0.8682108001903857
2022-12-09,1.0,0.9845785997712766,0.8556398208114102,0.7815166494654819,0.6121423239455704,0.7078723219399145,0.6312293871404308,0.7078723710098674,0.38350156514658096,0.4776591416658262,0.5749919169496726,0.44719799051429954,0.9641685753611439,0.9952114771570464,0.9954739505340051,0.8711179931010079,0.9669542752707985,0.4979916546949922,0.34347443885188067,0.4487222008759164,0.7458455997390944,0.8410338853925801,0.6972779730665525,0.8813231367182262,0.8796789272385225
2022-12-13,1.0,0.9805466324430131,0.8757025013678684,0.7974582196632445,0.6062165377894522,0.7160585235829595,0.6063709852328976,0.6854186033809998,0.4285897730340339,0.5102831462314513,0.5906673410155303,0.465295526696531,0.9524885277852722,0.975974110232678,0.9631942580673148,0.8450284862057771,0.9455207588846644,0.52585595480212,0.37649267175580464,0.48213507911277365,0.7354387757898364,0.8339694799156767,0.7036707654460853,0.8784298522081868,0.8817887640023699
2022-12-14,1.0,0.9843857035475944,0.8689567823067436,0.7887785846466803,0.5932138350187751,0.7211691161934373,0.6141032942019621,0.6857690936456587,0.48804853390614833,0.5370739107995343,0.6136272433078498,0.49485972107822124,0.9578822605117052,0.9776947154920853,0.9642475908304903,0.8515255418622341,0.9330888238149003,0.5210188345365935,0.38876920616437627,0.4713551861784814,0.7342271844567153,0.8360340647422926,0.7051007556333381,0.876034461713696,0.8799924835680368
2022-12-15,1.0,0.9806909572574561,0.8740176932353436,0.7817567781045844,0.5660827908578256,0.7328576753126838,0.5755489436376977,0.649938964262182,0.4695411295127262,0.5634936859008411,0.6426198366516973,0.4923851082737371,0.9467490269955965,0.9599711213914105,0.9542284420227359,0.8331093299739256,0.9026677677627586,0.5165149986473834,0.3824708514486198,0.4494187454982143,0.7033433221568095,0.8045024673092948,0.6770052955603116,0.8445388371981074,0.8469910146456618
2022-12-16,1.0,0.9786835568995127,0.8814787148936478,0.8111528974506936,0.6324530736967486,0.7649966445089779,0.5895226988938281,0.6489479975492435,0.5194182489393302,0.5388216261512623,0.6217537597584123,0.5106359250224447,0.8784502866205808,0.8791249461643964,0.8366501598318713,0.7857869941452806,0.8062059458496459,0.6008597289059008,0.5709653809315804,0.597375259424327,0.673719523375534,0.8077567618384073,0.6933680413786835,0.8152920601483735,0.8568710448476176
2022-12-20,1.0,0.9788019850880884,0.8795623578888104,0.8128150286179496,0.6104261579369233,0.766822555492867,0.5821448966092716,0.6492280962854451,0.5233197686478378,0.5553242509397269,0.6298434586684258,0.5135131690405038,0.880951500137607,0.8850095367877939,0.8408209647034479,0.7869617897287904,0.8080825732143108,0.6098259337128681,0.5755899294981467,0.6013525787149813,0.6741980018331468,0.8070752939225437,0.6919596256016652,0.8164865183997544,0.8561294291608968
2022-12-21,1.0,0.9778162389639443,0.8783751094155032,0.8157787873187744,0.5663945661182784,0.7449344378337539,0.5788878403667239,0.6386764761653893,0.4538203127777193,0.5485890580090805,0.6358428192107171,0.5372024880588718,0.9686125447378596,0.9760120603751841,0.9441718171223535,0.8399389043579042,0.9030480173409849,0.4343545522361718,0.3837189548397158,0.4144271550917885,0.7105415390183863,0.7952290280666885,0.6965995635807004,0.8397253904735072,0.8495180260661525
2022-12-22,1.0,0.9765457847889125,0.8829051947926614,0.8109592810999063,0.5677622746500105,0.7462496655617997,0.5772439833148134,0.6287118431731328,0.4496880850623948,0.5454341129554588,0.6326109335015561,0.5342137175544718,0.9526997218099985,0.9664435103857737,0.9330431419142318,0.8334179405653998,0.8965266817209642,0.42825204399464006,0.3903315508910231,0.39401901112896603,0.7038268404737082,0.7858636304168337,0.6825063166056797,0.8347359770580521,0.8443706153187532
2022-12-23,1.0,0.9780610250707272,0.8799206689750265,0.8020159039558232,0.5647074832132817,0.71781038715412,0.580323530174009,0.6306704041198855,0.449980323859612,0.5457977823761105,0.6403325964891988,0.5309587292742711,0.9496613282609956,0.9594361008520254,0.9254543114560022,0.8241908431761058,0.888480301608019,0.4459319595556969,0.39469608014559376,0.39051673171892004,0.7010456089398188,0.7807398000576781,0.6796536392138703,0.8289269014552169,0.8385554739457057
2022-12-29,1.0,0.9759936656965074,0.8815228467335944,0.8029217119028687,0.5632804668114052,0.7240652633809717,0.5832848564182901,0.6303317923656985,0.4612236324359647,0.5471040662874593,0.6420769691069405,0.530965096509119,0.9509127526246391,0.9624313407683608,0.9281725895524662,0.8131012270856619,0.8892789700553537,0.4464683020576473,0.38955727002759366,0.39240019538637,0.6975122390392231,0.7798079170123201,0.6819688106458459,0.828719786326431,0.8379233817901635
2022-12-30,1.0,0.9754153583583258,0.879583333191955,0.798561801274893,0.5603464931997889,0.723055647921961,0.5831561629003976,0.6258779160930017,0.48166691462076755,0.5460540893986439,0.6409853701923784,0.5294661439493761,0.9525724510279097,0.9580651897892778,0.9249605593134785,0.807258047457028,0.8829172201714128,0.4457986004888875,0.3819999003921164,0.39353783949091775,0.7008214654236605,0.7802870099784498,0.6814033195854797,0.8283272294893347,0.8378121336142044
2023-01-05,1.0,0.9754902298223089,0.8799460789243729,0.8028267890213356,0.5606307363822038,0.7315046426798265,0.5908162449759435,0.6327332014291072,0.4919759507814458,0.5338352940727545,0.6264388802846782,0.5275547590308385,0.9553321082119388,0.9627949038393286,0.9321803273908204,0.8168259702201046,0.8880682595456674,0.4559557646312589,0.38554125807739503,0.40766859398343375,0.6997890919024983,0.7766992949407415,0.6850109395523226,0.8251321885826736,0.8349614589463902
2023-01-06,1.0,0.9757432171976506,0.8634454314886142,0.7819188395816478,0.5488084003962124,0.6822925961931224,0.610015659878975,0.6391908731712916,0.509445424968971,0.5848030301649318,0.6470285891416611,0.5237010023999826,0.9517261781989668,0.9547306228611133,0.9313588038198081,0.8055815998777289,0.878511141259424,0.4829640002617315,0.3822176677168167,0.40190228779714277,0.7112825335608205,0.7713920901412101,0.6890605283080977,0.8200500332013048,0.8305055823431008
2023-01-11,1.0,0.984512145706227,0.8512161927605928,0.7718834264296283,0.5621886002361385,0.6878524472183204,0.6105610339446178,0.639850009823568,0.5952854162401887,0.5346178955106694,0.601488510068383,0.5271343975568402,0.9718003492343581,0.9632587109229263,0.9268704669260813,0.7892246295774032,0.8814832611878417,0.5633549215383705,0.5148301357986301,0.42701691550634024,0.7439170569877683,0.785308417734596,0.6760985343409522,0.8160749849069052,0.8153646197861291
2023-01-12,1.0,0.9828813943065122,0.8531618025720422,0.7831380766385712,0.5738697319055971,0.6823912359953042,0.6280871962247856,0.638732738223298,0.582413729450616,0.5546812480155281,0.6157172178319645,0.5659022770886971,0.9881980480694789,0.970284114538169,0.929740559558973,0.7859650706949227,0.8810561340990536,0.5579729813335422,0.5085996135338197,0.4167927178235277,0.7774710877282175,0.8119042846340772,0.7074107373679085,0.8407442816160131,0.8482186984266955
2023-01-13,1.0,0.9836880455882843,0.8536896627662395,0.806701036329776,0.5646387217031161,0.6914256018753824,0.6168358013481811,0.6210762428702266,0.5534412865645432,0.6462836457834564,0.6852253088217206,0.6140518658889813,0.9973640305187469,0.9673588804691678,0.9242067369657045,0.775149271410763,0.8840003327993365,0.5588918399950199,0.4864136835947824,0.4120119151216894,0.8108766024343594,0.8276294076442279,0.7269908238110662,0.8551738299439404,0.8681487088146682
2023-01-18,1.0,0.9894040260455108,0.8553860125341288,0.8065890409977784,0.5468639163142975,0.685715346775809,0.648575189450473,0.6792776996569626,0.5816943573529247,0.6402657594779485,0.6812110797958473,0.6048328134754748,0.9961334529743443,0.9730636887052232,0.9360042627065099,0.7847003561995881,0.8908010893801749,0.564617555899634,0.481578988153869,0.41645502235750587,0.8044335991345481,0.8238133703256396,0.7248251228489041,0.8543886099600633,0.865535642444173
2023-01-19,1.0,0.9892461223762388,0.8577043696505026,0.8101167087287673,0.5512225836960551,0.6745943623438907,0.6422821653049833,0.662538285178235,0.5846780262285902,0.6257349730212397,0.6650367655053967,0.5837739239596469,0.9837615903791743,0.9663512920735586,0.9312654343514896,0.7845459683273971,0.8821359256403228,0.5335875750227633,0.47748197772288165,0.4197318597809149,0.8017809580917029,0.8299540693189179,0.7210063202765314,0.8588268060915811,0.863772922596109
2023-01-20,1.0,0.9913835929992318,0.8599440596243196,0.8052258048617651,0.5467041357753389,0.6432581892960249,0.6329789963363737,0.6509056034078612,0.5886052872882821,0.6197484374602782,0.6625658945883257,0.5907963258593547,0.9921910147425715,0.9661816296129082,0.9241450314985876,0.7785574822357194,0.8982589877815725,0.5476543177992245,0.4688957210153942,0.39661927329875896,0.8066141804079798,0.8333713592658882,0.7479950926802273,0.8579719053923641,0.8728465033952609
2023-01-24,0.9878482499672919,0.9826107160916526,0.8551535110119921,0.7782001665037124,0.5514970588900745,0.6323008924613309,0.6457295333345305,0.6576236698383419,0.5916692557192241,0.6304377891812943,0.6697965953675388,0.5759336135696748,1.0,0.9676821736926724,0.9330600895468789,0.7920109609983227,0.8879593490871027,0.561830240087068,0.48185111669498376,0.40512944386823657,0.8034229965678412,0.8324134954788414,0.7244329732020998,0.8597013567442036,0.8617365291386871
2023-01-25,0.9877525667226245,0.9823264583166122,0.8661823541876276,0.7942777828088438,0.5477443045895242,0.636360459340568,0.6381155786214444,0.6665801801286936,0.5911676033353646,0.6316989387074866,0.6666367646939545,0.5851712661133073,1.0,0.9715244692190729,0.942351693558555,0.7975948326042692,0.8882119840250836,0.5985558637558459,0.49199417138888696,0.42929187456508827,0.8105047302675783,0.845196406901248,0.7285575122744627,0.8754871472297892,0.8685289599242663
2023-01-31,0.9848127741332607,0.9814180665280969,0.8608861404797423,0.8002001735653339,0.5466444771996762,0.6288531704147424,0.6407271490086927,0.6714424936634853,0.5886322452964381,0.627853702525505,0.6626145519816856,0.5741146483561597,1.0,0.9780444148235777,0.9562429857355117,0.815429871949193,0.8908912318786065,0.5874055392144613,0.4558708489801684,0.4001340699297205,0.810807539274385,0.845301620933971,0.7253483422604384,0.8761211546839964,0.8624883834481645
2023-02-01,0.9868892081013575,0.9819086000200012,0.8466558502438111,0.7722771326259545,0.5366528909513408,0.6244262996270123,0.6348148358868866,0.6671796456993102,0.5896538419997365,0.6130357717315402,0.635767606504361,0.5218647494309014,1.0,0.9778144442814154,0.9556924167614474,0.8137928388659921,0.8943100888722029,0.5931820567087234,0.46276015734327336,0.4052829438192128,0.8069112413961856,0.8345565110906111,0.7155859953284345,0.8646192298403571,0.8540349875603755
2023-02-02,1.0,0.9950034901531682,0.8862416696491785,0.804256423729585,0.5282631507286228,0.6102196892813991,0.6630696672001871,0.6819686832324983,0.6370104930717942,0.5972065095674834,0.6435209050706726,0.508050155055333,0.9926844274468812,0.9848699563568327,0.9497421575351508,0.8397290303758527,0.8978984870141162,0.6267912565070406,0.5958937446234657,0.454864637039644,0.8253588727246335,0.8649640164658566,0.7397195206971756,0.8959186042766439,0.8792756728734306
2023-02-03,1.0,0.9957802813199609,0.895559940122296,0.7743493883046637,0.5226077638372608,0.5788918129634151,0.6638167223134392,0.6701070040155349,0.641854764817439,0.6137672503208812,0.6531401731449766,0.5268923995058797,0.9917360500930318,0.9812829436226698,0.9394135839824287,0.8393604289554831,0.8931850405555407,0.6231872785908619,0.5979289872654634,0.4614695199388864,0.8322524608758659,0.8763253665678931,0.7455874619921032,0.905872673539986,0.8882831277062937
2023-02-07,1.0,0.9951115239495031,0.8872033152559208,0.769590059753771,0.5281583610409771,0.567086007992213,0.6803840507021054,0.6780897727382954,0.6533010456122793,0.6204600338126421,0.658939322793989,0.5106925020852956,0.9889109768626078,0.98824766368935,0.9502866378272921,0.852850879175807,0.9003233997122552,0.6295275387608122,0.5906249343457943,0.46577669265316346,0.8349314767715439,0.8757977614471416,0.7380585092863167,0.9068191970912863,0.8838637040360503
2023-02-08,1.0,0.9950489267833584,0.8928721270292802,0.7769556473639107,0.5215566116224593,0.5729071422799433,0.6881755558282688,0.6813848756779611,0.6785990337732011,0.6264919306839946,0.6660301911221909,0.5137717604463927,0.9899820418324538,0.9951412802925006,0.9609794468979499,0.8653363003102155,0.9081985528783977,0.6362652669625449,0.5915831282464297,0.4685713287981979,0.8458274485846129,0.8859883330747396,0.7438184591488105,0.9166006644246388,0.8918427370474549
2023-02-09,0.9972375674322432,0.9919597759751505,0.8790747794301533,0.7658875917112686,0.5106107190901157,0.545547759035646,0.6788424038265837,0.6756610384250922,0.6800278599603317,0.621062120416207,0.6607030286713523,0.4654895210478838,0.9927321518061452,1.0,0.960091494485295,0.8735564554117063,0.9125001504003274,0.6247402980443871,0.5777356052725215,0.4591405523661717,0.8403818984588869,0.8771979135590974,0.732876869310372,0.9037563993135551,0.8782001585056245
2023-02-10,0.996862582143397,0.9944268013994969,0.8795307914842491,0.7629749590286279,0.5083353091338185,0.5422317733940708,0.6645046802904825,0.6590759932431911,0.6759402218980035,0.6204918962505599,0.6592060915981944,0.4400516981341362,1.0,0.9913128147393038,0.9456858618095916,0.8537252519832181,0.9061138638439373,0.6321305098201925,0.5968687164925527,0.4988102455184785,0.8310287583193511,0.8758155474369156,0.7393589810406751,0.8921848206820457,0.8800356665434341
2023-02-14,0.9942429558725597,0.9931615894707115,0.8930150780201016,0.7839419092534932,0.5064787344861402,0.5457283717840271,0.6632792275081808,0.6552732867004811,0.6726538376697855,0.6479453965412579,0.7077906177940657,0.433995407856462,0.9994796133031446,1.0,0.951263091578359,0.8577579338469836,0.9141554046026382,0.6278940227172448,0.594132044448815,0.5074173486418863,0.8344665389578034,0.8794431937334308,0.7339864027329173,0.8989647045019628,0.8830406489196704
2023-02-15,0.9808891655664789,0.9838820020048074,0.8768238546656107,0.7731710495993851,0.5036532273512507,0.5457823205875159,0.6634040539230808,0.6563154622042862,0.6840792907113502,0.6089806955908872,0.6614051508322459,0.4102070354308968,1.0,0.9942919083981169,0.9469390409242604,0.850759712568042,0.919692192603824,0.6236290749962531,0.5973077137021662,0.4976836633666295,0.8298267194561462,0.877359175715963,0.7331139381372505,0.8907788529336876,0.8798421963517385
2023-02-16,0.9797689574312123,0.9777304118374452,0.8844316351293317,0.7818288731044208,0.5139312585362162,0.5397227771104433,0.6196911490509389,0.5800416139191392,0.6697941209718085,0.6184392269408026,0.6675361982471584,0.4112114183321902,0.9906143134846992,1.0,0.9636810782053651,0.8735935704475754,0.921283548479255,0.6029046136182907,0.603946244233637,0.4735879796894702,0.8399811504883373,0.8773250830482381,0.7355127675638744,0.9133451251527834,0.8734195803782542
2023-02-17,0.9796117721862224,0.981106806309353,0.9013405411840403,0.7961853872632622,0.5187383494922942,0.5439398309832059,0.6187203951768896,0.5803821628848361,0.660028126665012,0.6276265965596582,0.675799723810336,0.44602242845493184,0.9877369591856026,1.0,0.9722267398784645,0.8858877060070062,0.9232190333679454,0.5025446585385182,0.4825480716752198,0.4265283836772766,0.8352334063511037,0.8708601182700376,0.7287325196808413,0.9063826650516443,0.8652629510050831
2023-02-22,0.9794293668483198,0.9812706316257106,0.9050914742593488,0.8141126602007382,0.5213328085522414,0.5694444755071607,0.611940723551162,0.5617265839743744,0.6407270463401047,0.6358044093338813,0.6860420761320505,0.4718686766007602,0.991672581840225,1.0,0.9731162573581539,0.8793055511413795,0.9199219730496869,0.5037125209702373,0.4514718422682463,0.40309817568598655,0.8357017144204946,0.8691186000497949,0.7341338276515881,0.904302953537222,0.8716051955089105
2023-02-28,0.9795082779854413,0.9731019021078762,0.8909344693947445,0.8051891802460597,0.53018344328222,0.5569317108034519,0.6352486674506167,0.5911539309942004,0.6553059151714222,0.6291598854682349,0.6951872795629306,0.4523727775913326,0.9873740240402168,1.0,0.9760501155272315,0.8802472367579903,0.9190926551913738,0.5278750279245803,0.48023159856623643,0.45175607954209107,0.8416094963802456,0.8852037800006376,0.7307370607849402,0.9243284702037267,0.8797096200196687
2023-03-01,0.9730479079108629,0.9674243594821372,0.9076349929646134,0.8095526337394197,0.5443872367062659,0.5528020131567785,0.6409370146743052,0.6030842039276957,0.6727258575082536,0.6522860070956138,0.7153685353773644,0.4467651917451526,0.9947863523866409,1.0,0.9726287341629446,0.8850311615905951,0.9159200877875144,0.5411329670904572,0.47725876044398563,0.4395300521140276,0.8598907859756505,0.9056648956050276,0.7434419403749031,0.9443141584581943,0.9000884698232509
2023-03-02,0.9596348167868861,0.9558584350329473,0.887930707812899,0.8216633859670901,0.5335599940137243,0.47562708639378576,0.6198315041884429,0.568668689822203,0.6758937414447796,0.5883440183399572,0.6230436775718514,0.46265579298588183,0.9683208528737159,1.0,0.972062393640018,0.8950351923536137,0.9141221219657517,0.5524765731963495,0.4603795078440644,0.43007152864116904,0.838476180357507,0.8823924781858455,0.7352545481788387,0.9233380724887702,0.8717049459577302
2023-03-03,0.9618323914739121,0.9535372191693883,0.8689272045724016,0.8111388633984593,0.5318013607553429,0.4405243809768643,0.6266879696807588,0.5694749830583098,0.6783542611441535,0.5859914879288584,0.6191514665398826,0.45284817907857233,0.9703672722596522,1.0,0.9844960545275763,0.9042113945091798,0.922348658257536,0.564027330066801,0.46730389787167564,0.4351664392642266,0.8333193803827996,0.8825359434278884,0.7407402168572075,0.9256135808536372,0.8683336341809809
2023-03-09,0.9651759342041732,0.9624496473396599,0.8508235209899053,0.8229536033588837,0.5476126890413684,0.4609983485542863,0.6260689048286787,0.5706064397853217,0.680169088542452,0.5505989760403576,0.6000132401739673,0.4633014040850443,0.9909427328711226,1.0,0.9871947948007561,0.9001743310250572,0.9245743820060306,0.5453499859701413,0.46429663376942426,0.4325960283225475,0.8297104423394623,0.8810382800208507,0.7565043942693193,0.9208443023496907,0.8695956960539145
2023-03-10,0.9596498006002568,0.9734126290512379,0.8835003097413581,0.8638843573498294,0.5795622645684719,0.477758261359233,0.5839033536696282,0.5302027529539356,0.6570212782013702,0.5392311931158245,0.5688128548433171,0.43854067640872496,0.987857380695101,1.0,0.9805081047405402,0.9040938713098835,0.9308747760648333,0.5047553393350398,0.42645591481740913,0.4140149909996385,0.8325879763675452,0.8773452050287142,0.7559222310124706,0.9171353730080044,0.8717637932295547
2023-03-14,0.9611172526039959,0.9797197564350251,0.892400997771839,0.8724017403869725,0.5620084906063281,0.4620238664521834,0.5871634880746925,0.527354171941113,0.6485840311154081,0.546622738307112,0.5695406558535554,0.3878689210526445,0.9944852726149236,1.0,0.9859355006004984,0.9067778117530608,0.9318637577237526,0.5069281267752628,0.42911585480192627,0.4139938931391547,0.8356110429023889,0.879314799228834,0.7557213935505199,0.9176788347144168,0.8744799211491078
2023-03-15,0.9432325685462115,0.957603359075408,0.8922741757946335,0.8494513446385356,0.5464355263986187,0.4552676808352956,0.5717801975992343,0.5118051231318114,0.6142382699079405,0.5220814941199597,0.5752974295767375,0.40962367339781336,0.9693550246788384,1.0,0.9725557728884906,0.903517320106406,0.9296358811220113,0.49828849439268263,0.4217332685992965,0.4145739383564831,0.8186713270837503,0.8696745914510043,0.7552372574818036,0.9133790178745533,0.8639246020840623
2023-03-16,0.9406820176743564,0.9447756489761722,0.8872121500834653,0.8473741266491924,0.5400240326069138,0.4675790375118935,0.5800884923696159,0.515795772765928,0.5919194558594733,0.49633823601407245,0.5556532015965223,0.4224514323710308,0.9593178078314033,1.0,0.9791808652061372,0.9090371921448083,0.9285007399478677,0.47771684816191357,0.4187886776595675,0.39421071561789955,0.8175968177685526,0.8647070394296213,0.7518465030144841,0.9114709435081159,0.8615067751871398
2023-03-17,0.9257329555736096,0.9344231662093345,0.877639033089829,0.844443169104852,0.5307275783763775,0.48204204506302645,0.5803540408346206,0.5119914550724632,0.5942112758358415,0.5052243923118199,0.5670364341811682,0.4213649772497781,0.9618914748569962,1.0,0.9880164480455215,0.9170526943455947,0.9303458407001218,0.47358927226490855,0.41617702069817686,0.3896744505280078,0.818915817318508,0.8642754567733042,0.7572703830818731,0.9131192538562561,0.8625010336230798
2023-03-23,0.9242961313682458,0.9298294170512301,0.8617965376414408,0.861029987805917,0.5333595708229324,0.4335202407942849,0.5908783456725102,0.5403045944476014,0.5947552892104512,0.5037225269815041,0.5398390520053711,0.4285800573832091,0.9338816058375088,1.0,0.9833492952105487,0.9150291031545164,0.9258217314438495,0.46606139189445994,0.4138793389748623,0.3921313737739029,0.8193561105860518,0.8637451683797457,0.752772639958062,0.9141946457192736,0.8609956064952252
2023-03-24,0.912852944328087,0.9175627461718325,0.8531034740992052,0.8568000353593775,0.5212369988446632,0.43091062762539845,0.57584889823418,0.5303376265657062,0.5846994886760472,0.5033960944991506,0.5343819329467747,0.4383911033701781,0.929663475993683,1.0,0.9861081585638003,0.9148415233087832,0.9280640628198698,0.43905242875764366,0.3940249200870061,0.37421563538583974,0.8146798101894152,0.8595304764938341,0.7444816415998788,0.9095591484621222,0.8551794138660465
2023-03-28,0.9104312025476697,0.9144608405268112,0.8524144058382294,0.8569205808478385,0.5223691214926927,0.43039518976045055,0.5663675129081058,0.5166030665613272,0.5823910550407032,0.5069334164559495,0.5345434917897272,0.4363625946362428,0.9264802538341532,1.0,0.9846358518122906,0.9160829067776193,0.9279034260824514,0.4374679990773395,0.3963547764196624,0.38421526738717016,0.8154402398427234,0.8600300600237311,0.7435860591352318,0.9095544101978436,0.8561620286568391
2023-03-29,0.9092559134785897,0.9154119228353983,0.8591276526714726,0.8663312247390981,0.5265968479605375,0.4563506015980235,0.5686383360083486,0.5175734442498419,0.5844809723615928,0.5019753532085768,0.524967719128542,0.44568263931236196,0.9276906726713333,1.0,0.9836331717445178,0.9128476437166478,0.9284476138711709,0.4366008285854465,0.3935109074827874,0.3744693939054565,0.8197584014036342,0.8665656156212113,0.7543254872995409,0.9157534018879344,0.8655066415417019
2023-04-06,0.9047581517278537,0.9198815586994167,0.8566454983659995,0.8716890471586088,0.5310656256817685,0.48425035486795737,0.591862451224251,0.5293726373146707,0.6109146560242855,0.46639494241720975,0.5112697480004713,0.47670511799011434,0.937216048225817,1.0,0.9804175647117108,0.9228739587629387,0.923409131931044,0.4611648141542939,0.4003783727660027,0.3691679842115413,0.8485313102348877,0.8968773463151356,0.7928545942366859,0.9476349770017013,0.8960975284573646
2023-04-12,0.913117994836813,0.9286364074750666,0.8765311555823854,0.8812331149187681,0.5324321082046215,0.48662829981230643,0.6181284329057626,0.5451294934058235,0.6372655843720945,0.4715264238167889,0.5119518027099202,0.4745727405693574,0.9389609615840024,1.0,0.9811918221624665,0.9222524317897618,0.9175454610065797,0.4650595767996711,0.40447587850770605,0.37028697476784533,0.8489566185472703,0.896462638923452,0.7938653826652801,0.9450631464683399,0.8950685049873224
2023-04-13,0.9409394937068523,0.9657743760400636,0.885725316172962,0.8859161882649068,0.5262002959930836,0.49412179841960746,0.5986150664275152,0.5249541502285603,0.6072364852334339,0.4789863734996449,0.5424955697951753,0.4503673307831513,0.9542695841034443,1.0,0.9672085857182348,0.905986157173279,0.9043790815015336,0.5543380988292471,0.4491055738558956,0.46822088130779643,0.8355226873279609,0.8905866114697869,0.8206689681476318,0.9422419274580066,0.888541292308444
2023-04-18,0.9367802411615619,0.9588863940643312,0.8850480966338131,0.8792434225885799,0.5000821459715664,0.477426926500397,0.5943304858119914,0.5294074203189919,0.6496794937541327,0.4802775539371824,0.5370887491371461,0.44058963141601326,0.9524549574041821,1.0,0.9681482001505516,0.9122848148370284,0.9098466966429266,0.5423358928067794,0.4508827693608293,0.4773786233622489,0.8216660530732479,0.8825945402689741,0.8189498246355849,0.9329192535603024,0.8834911267156101
2023-04-19,0.978405879331966,1.0,0.9239165321501713,0.8979010655036449,0.49913416428904883,0.4866240036507804,0.621603787706176,0.5522521235709935,0.7308294578913218,0.5541940095975818,0.5720993002154395,0.42919655437988086,0.8854448109466372,0.9423495972804757,0.8990355213385393,0.8709789453995941,0.859943194735065,0.6617405128384872,0.6177342198620741,0.609729746828067,0.8580632036724472,0.9045484921716237,0.8217170276257582,0.9557603594566481,0.9026557006567714
2023-04-20,0.9696941939040675,1.0,0.9455173576112635,0.8943978033167684,0.49456347985910887,0.5333863841788622,0.6293251512990146,0.5405814436414048,0.7555212053334683,0.5159093847425605,0.5476152871919175,0.48455412372972323,0.8649432197932142,0.930230725413347,0.8884597082888945,0.8495159047784867,0.8406669820857018,0.6754694418886459,0.6176055260221365,0.5992964043157204,0.9015862496382895,0.944898018860051,0.8551684078358566,0.9917578821729633,0.9413507369795164
2023-04-21,0.9729477176965236,1.0,0.9095862788343699,0.8593757201849653,0.4239078125833487,0.5199573904969501,0.5621672948744507,0.46424780990313835,0.7172192486635794,0.5294426530397501,0.5476761480608079,0.4958019093948538,0.8663018607422343,0.9134802210897925,0.8729735544879104,0.8378708455711057,0.8325789181669031,0.6893428020374398,0.6191721321420599,0.6060438951827628,0.8704581799555423,0.9156282270909207,0.8347952110389165,0.968272473579079,0.907667863717887
2023-04-25,0.9714534829803293,1.0,0.9202818323887729,0.8813448826313525,0.43274364306706603,0.5193467942080089,0.5664101519827214,0.46479822429250683,0.7194882423958916,0.5040025451704736,0.5420184133506087,0.4929129889120611,0.8511284323418866,0.9025055544037397,0.8669624588731693,0.8283897466678258,0.8254453388801486,0.7032219970635841,0.6262894057593023,0.6194349476295345,0.8907441730153727,0.9406123833091422,0.8498586603350071,0.9922091433561777,0.9377880487485292
2023-04-26,0.971074427049473,1.0,0.9181894052708326,0.8828877480289414,0.4031283525558818,0.48981948330146863,0.5454660267735195,0.4192867190828754,0.7088408165430244,0.5148974849325819,0.5525226372556794,0.5075901469538364,0.8542680843838094,0.9127290933148726,0.8745569844431835,0.8333762840924092,0.8349259469674754,0.7041861833359627,0.630159704870604,0.632128207406566,0.9011660258401303,0.9286685507503866,0.8366528990726174,0.9820724006255225,0.9310423347087898
2023-04-27,0.9720517422841576,1.0,0.9098740555636727,0.8668295379073259,0.3935122926243908,0.4890931252467324,0.542739009478028,0.4181445082477546,0.6988319013124247,0.5086379170678306,0.5617002916802779,0.49976165357083346,0.8590222137314417,0.9115067425127918,0.8643707879422853,0.8247668884717354,0.8231988466686602,0.6883844920620961,0.6183299324181135,0.6209426180142202,0.8823214665137393,0.9195492486409222,0.8312914247644144,0.9690158218702978,0.9223765158001886
2023-04-28,0.9069579078813962,0.9347855324085956,0.8414475349423521,0.8178623808608269,0.37143389934926774,0.4730609148497985,0.4679708728407109,0.35937747917337276,0.634729614882476,0.43143978378624304,0.5060257055359564,0.4903553742540205,0.9344972325291675,1.0,0.9494768087946336,0.8814008955653341,0.9041891209603078,0.5411651759493042,0.44196680233513924,0.4860618101247118,0.8435738830157058,0.8766716814576723,0.7911176735195352,0.914966221294426,0.8724215594924856
2023-05-10,0.9071995715848388,0.9344440822438979,0.8384230526632652,0.8159999381797768,0.3697175695487048,0.4730691201233727,0.4769078636876933,0.3648141314016386,0.6548814205887477,0.42924771242831067,0.5022774165617357,0.490930635592115,0.9354325517916794,1.0,0.9495827860124398,0.8807693798056996,0.9039590066901732,0.5364287891273332,0.4596505538852883,0.504018861265376,0.8442244688888701,0.8776017518447348,0.7963807055379899,0.9170481200378479,0.8756057592871123
2023-05-11,0.899169492109253,0.9235191910974432,0.8362436687336695,0.8093952444481597,0.37227793731602404,0.48731306482302184,0.4723011903452111,0.3611283209570616,0.6572388580499116,0.42880010027210697,0.509286831009375,0.4858877525428137,0.9419070851185148,1.0,0.9458120991004334,0.8810830643469868,0.9032778479283617,0.5378504976149044,0.469576867994314,0.49783166431968906,0.8397366328082726,0.8687432035038647,0.7901145214976054,0.9074844775840403,0.8657979590834469
2023-05-12,0.901238857211808,0.9276257658691126,0.8335586965827544,0.8070292673261091,0.35807550697293133,0.48567537542853884,0.4925249303228865,0.38103722830009984,0.6604107632629183,0.4179865234676305,0.5096593682833435,0.4877681600200634,0.9491599454789915,1.0,0.950661297227968,0.9167125540247781,0.9132350118752968,0.5138661636539712,0.43989987347164194,0.4751031259179757,0.8497185614845452,0.8732606907816722,0.7911140787742763,0.9121279251785424,0.8708020819366609
2023-05-16,0.9100802291116913,0.9366714706193486,0.8334400344797541,0.8059988403018268,0.38801059167751517,0.48801516171820364,0.5041842826669191,0.41656228141431983,0.6695971068426986,0.4446112998928066,0.5088246290111113,0.4941735110823134,0.9547778172464421,1.0,0.9555967438192273,0.8949824105107039,0.9159720629605829,0.5634465768933102,0.4752101815981937,0.520369999904911,0.8562917084176694,0.8838794499661395,0.791131637513572,0.9228630355033998,0.8805114426763109
2023-05-17,0.8723236751409462,0.8970197758352854,0.7541319823107808,0.7273037296813463,0.3733463146589707,0.38924489110906796,0.49744552058126923,0.4040328372092467,0.6769561769628364,0.4177395428186928,0.45301075722195916,0.4454851524185943,0.9459382328351584,1.0,0.9548315030624969,0.8924736926116371,0.9148735694289147,0.5566494328048972,0.4703828185085911,0.5109440579638089,0.8578356872753696,0.8867047627225811,0.7941936476838579,0.9222785280212566,0.8783707501080695
2023-05-18,0.8630819035727093,0.8747060076670135,0.7196414277126352,0.7229155260811855,0.36497195263447363,0.3934199314486064,0.4972680823338251,0.4180118721646087,0.6818940580309205,0.4051054816777683,0.43469560223264986,0.4950313929821592,0.9415784924521325,1.0,0.9538745197927423,0.9137098368642741,0.9108948629070676,0.558131964357841,0.46623159874534253,0.5065705333697115,0.8549827517594718,0.8839845836449411,0.7920367928010194,0.9009564499037217,0.8743499094406549
2023-05-19,0.8591598970885346,0.8699966521097628,0.7091370214197891,0.7159276877428974,0.3539819578217009,0.39508942194488267,0.502406141883293,0.4311655746897477,0.6872884328817842,0.4133767484590243,0.42599568365675056,0.48814255951271823,0.9426534098333781,1.0,0.9511905242330009,0.9154289187291366,0.9109561529356468,0.5569484730933116,0.4737638590087608,0.5071712401630527,0.8583813090282741,0.883516073236652,0.795217214939369,0.8986408994724798,0.8730781737782527
2023-05-23,0.8495390930025938,0.8584234904018748,0.7026293055482103,0.7136951776533225,0.3511141986735666,0.4005112661147688,0.5013282236132542,0.43999225129211816,0.6805654711004617,0.41475370968947517,0.42423941056431996,0.4864173173429755,0.942796655505199,1.0,0.9475893063391235,0.9197578862429373,0.9128538554632338,0.5554218291605572,0.4713834968877736,0.5060307084905646,0.859178957807033,0.8831606055760476,0.7967439692867307,0.8989249090969813,0.8718158076555972
2023-05-24,0.8326363943366449,0.8432742767759726,0.7391212274635658,0.7410723779526777,0.39261326139568553,0.45812902587000476,0.5023469540527093,0.4411501399737047,0.6774784118668234,0.43712398598351826,0.40696512737538204,0.43700632627780106,0.9397048200641231,1.0,0.9590536166018585,0.9420912924139424,0.9150724200438604,0.5463827597308616,0.4531752736682362,0.5026012272148628,0.8781003365819172,0.8950339024113999,0.8283295003550764,0.9108450774422802,0.8821462430573516
2023-05-25,0.8353964203563086,0.8283932736529533,0.742425365162811,0.7473143889149716,0.37968060283265226,0.4533743270475033,0.5002697820974783,0.44240239179270757,0.6809785207098777,0.4106168392834777,0.4050952617762466,0.46113541495129234,0.946841063901553,1.0,0.9565221418206005,0.9367418760917405,0.9141146128361778,0.5538520075487249,0.46235638953038494,0.5043282828823722,0.8751196591710859,0.8982153816647881,0.8318919092603324,0.9073652690629781,0.8792402876099592
2023-05-26,0.840077691799738,0.831130184192839,0.7464415419818085,0.7513373041456595,0.38044332025555877,0.46847048622240856,0.4907143880483764,0.44270683917030373,0.6829217557512052,0.4021028098369497,0.40874791093844565,0.4846913842721901,0.940823444614268,1.0,0.952935927100888,0.9397441729227312,0.9135115363356034,0.5489447822481109,0.4696368078571688,0.5131919430313074,0.8697558762953699,0.8883720475001305,0.8260340821898157,0.8970342191673687,0.8695834713347448
2023-05-31,0.8398126077488002,0.822564402681193,0.7440612447484687,0.7567802225111756,0.3749673673551496,0.4854524188941929,0.47912072544769563,0.448532114662556,0.6917894104518233,0.3910755592811736,0.3998603316613372,0.48794686260448367,0.9340017718595643,1.0,0.9545754543033746,0.9373630243399033,0.915982494286373,0.5493993107499753,0.46115056239997965,0.5399321945316693,0.8659481378653878,0.8877226195372229,0.8200929966400436,0.8976467502285088,0.8668868047162135
2023-06-01,0.836253420461799,0.8182319234825419,0.7408224968581361,0.7515047421510057,0.3703500594133762,0.48691952022308577,0.4835274230573282,0.446090628141841,0.694256446567085,0.38078035834342316,0.38764549410049515,0.4768127614919643,0.9362422265426368,1.0,0.9568185166010961,0.9306403829220542,0.9183886155711429,0.5395023078152273,0.44592418436946774,0.5232280779818617,0.8636983878825907,0.8852756203890578,0.8207988481605206,0.8972851419917667,0.8610068462494104
2023-06-02,0.8494656919329235,0.8271108140529753,0.7548541060026854,0.7891443637776048,0.3914899720118957,0.5221003571927529,0.5032072353549153,0.44169467710362637,0.6759500282006161,0.36483016239193305,0.3681793205089802,0.4991980840994228,0.9476382985133851,1.0,0.95746533631137,0.9579704127481191,0.9159067337827396,0.5412828948772624,0.42713623302031045,0.49377299853269835,0.8856925754906453,0.9082070268108137,0.847942353057192,0.9213445668790835,0.8836475874094972
2023-06-06,0.8373271733703289,0.8235050858827203,0.7542064328801384,0.7876124768866594,0.37702260790792136,0.5144133489278108,0.4664511336955478,0.40678326052835956,0.6107614650857233,0.41998274769104055,0.39342012292632805,0.5000477753039055,0.9378938466497885,1.0,0.9410165758995122,0.9569049085521949,0.9031930728934919,0.5459150370993865,0.4509582801592642,0.5013675412539421,0.8832428032149456,0.9050329679989674,0.8335535044569404,0.9196584808722318,0.8782098155359913
2023-06-07,0.8322714608784715,0.8183076513457549,0.750470637654867,0.7940793623400381,0.3582333620319633,0.5018231592034459,0.4461835219975553,0.3830461904538927,0.5867920966289022,0.44289480086859007,0.39525616705312866,0.4940639101235086,0.9334005151673883,1.0,0.9557464732547198,0.9550957803928488,0.9191809406115676,0.496483753778858,0.4208255882479238,0.4576546898975846,0.8935356025304196,0.9135787948682157,0.8232632366948643,0.9263709513459564,0.8768948730577852
2023-06-08,0.8257528890694162,0.809672047001076,0.7496400798053628,0.8021370573995144,0.36822873794497313,0.5064045144688426,0.4430623402601121,0.37724445780044774,0.5963376169213109,0.46563922609545916,0.41542401071782564,0.5249701986503705,0.9339249396791537,1.0,0.9643408402836567,0.951698118014173,0.9193313544694802,0.49425006504400554,0.4092281255448084,0.45928112966094986,0.9252440063475903,0.9348913856780231,0.8375858720734616,0.9445875277325442,0.8970153297389947
2023-06-09,0.8771003870432115,0.8923013785368987,0.8499822846400711,0.8806903342926736,0.4016714341025364,0.5755295777255518,0.4524760514890301,0.32809930199430026,0.5492192366680622,0.35963500824977007,0.37465598168328945,0.5733057676202052,0.9571989283529824,0.9962492294002778,0.975859031222545,0.9477181170473907,0.9579299129131019,0.12291123412836419,0.17256263496188173,0.1412101156149881,0.9502104377864529,1.0,0.9274419404277917,0.9974769944616403,0.9855676989841274
2023-06-13,0.8854561708275283,0.8921183781333167,0.859018375761578,0.924768760909702,0.3425837902233578,0.5418742484329339,0.3637824128059835,0.2059764273256166,0.42519516805572016,0.37457384381779335,0.3681748580181134,0.5539681750963211,0.9591774704301057,1.0,0.9698853415756891,0.9438826107184666,0.9614312910125784,0.2560735733019453,0.3035398699694393,0.17217327672834756,0.9225803048163628,0.9711929140699366,0.9255498449642334,0.9689981452968193,0.9863135649504173
2023-06-14,0.8816345193301705,0.8895276778037953,0.8585926673473365,0.9266307941730877,0.33232481275263487,0.5378280444317841,0.36961739995202314,0.2098186146750018,0.40035534332799894,0.35947008994352,0.3604051495079013,0.5560140473683284,0.9537031501620955,1.0,0.9736664875228925,0.9470214641560945,0.9636267389405719,0.2744067818099579,0.3052411573737721,0.17337888779318641,0.9365226525569648,0.9880121801205642,0.9362117665381589,0.9807040420395503,0.9972338645956434
2023-06-15,0.8612224964848137,0.875842115541775,0.8478824544416649,0.9145644423074152,0.32812788527537684,0.5320715366552389,0.34686738064008493,0.19601021585733194,0.3806875363189676,0.35416301071924955,0.3541048156546426,0.5357837373409602,0.9504724049478466,1.0,0.9628264955596494,0.931701142671288,0.9645831704532706,0.2593307750219859,0.2924091281950855,0.1593187093635011,0.9058386935953098,0.9602985553363877,0.9067876890266736,0.9498912863760132,0.9675557199239808
2023-06-16,0.8463000537831534,0.8566635418914696,0.8484918317865697,0.9145801367569483,0.32967190411155883,0.535947353187664,0.36987727187679464,0.2189189526270363,0.3794816585063853,0.35586698922399623,0.35281911363648816,0.5328925389424386,0.9515737566452169,1.0,0.964387217496397,0.9319775083289701,0.9660979392553741,0.25277703684968117,0.26743595067138676,0.12607512915313562,0.9034887435990654,0.9577685370177349,0.9032339616332463,0.9466645882480061,0.9627982037933491
2023-06-21,0.8334465561034463,0.8275359129292477,0.8423492882252981,0.9335432445114135,0.3499120342236948,0.5608118482504907,0.3769074126060739,0.21179356585611034,0.40689617680801754,0.3741374685534217,0.36017441694595764,0.5738233566357419,0.9745959747672408,1.0,0.9835559489007056,0.9491285068980068,0.9793394115532448,0.27685468262301444,0.29397242778524574,0.17194650694056623,0.9277560203314882,0.9810574707002977,0.9332100198147162,0.9754720590584368,0.9958837421728215
2023-06-22,0.8280203061005087,0.8257703445683332,0.8215757643866805,0.8965923769436093,0.3204325232065998,0.5305763732842518,0.39986281221999065,0.22095189807097926,0.3847572978205712,0.4211187460299131,0.38965897672860167,0.5308351658131661,0.9714238446008486,1.0,0.986430375384953,0.9460067677690893,0.985848326332585,0.20190058918956222,0.2766704614512253,0.14154084183085588,0.9152974485359903,0.9646266311430108,0.91990397088515,0.9589770323745161,0.9780515659326269
2023-06-23,0.8422640804758577,0.8409976331365325,0.8386250911414146,0.9091202985334662,0.3439069853229991,0.5430507868894775,0.41634988462379985,0.23611782238398826,0.4063483199955275,0.4159681003419011,0.3827787723697982,0.5346795172777198,0.9636404871182715,1.0,0.9855640913722236,0.9446771546382776,0.9863384027004686,0.20973450055807807,0.28272428887010836,0.15027673525827567,0.9367159450819252,0.9836600518397903,0.9331496761357796,0.9755842149360947,0.9929771115890429
2023-06-27,0.7638238494355426,0.7670847004287983,0.8353709675935581,0.8750689134110062,0.3611078542221491,0.4950649545203537,0.46037327572505204,0.26529803991945655,0.4087591827833656,0.40610504201759934,0.377544094709638,0.48665101798686405,0.9457585270091871,1.0,0.9898436898484495,0.9452600147550533,0.9879704346578192,0.20110875598107125,0.26047126335834975,0.14410186727543092,0.932089568630589,0.9724978473537852,0.9143164676368551,0.9657357444293454,0.9772832822193759
2023-06-28,0.7635837189215491,0.7669302222275582,0.8305830278743713,0.8705337500105621,0.35726660581992686,0.48791403256303256,0.4594731841125723,0.26231259973571597,0.41072550083067794,0.4831357858971629,0.42893928032730877,0.4823541266069676,0.9443757002900057,1.0,0.9890148816093463,0.9463335490565383,0.9873926705362176,0.21787858192106932,0.26843517388063604,0.13926556414258728,0.9565853122525084,0.9923921143348068,0.9350474376361613,0.9800151503998773,0.9941231006739975
2023-07-06,0.7781488714560644,0.7794678733275283,0.8669340221766976,0.8983893746804819,0.4146998801926409,0.4459636038242581,0.4800553142972389,0.2723632844676871,0.4045866727773472,0.48679016065621905,0.4510398870698467,0.47478580837952045,0.9436325689941101,1.0,0.9912131959115498,0.9495102516545546,0.9668254667571646,0.20344326648846375,0.2479528774888211,0.19285371798675605,0.9454826802195697,0.9804483518418976,0.9249073832797815,0.9693604149575215,0.9824883322640897
2023-07-07,0.7665788420936384,0.767624144377707,0.8513386793516714,0.8855050960815164,0.41928898581682433,0.438292460910161,0.4537925234380184,0.2428491215233717,0.38118642867902575,0.5112234067512731,0.47602916359478986,0.4403534655557936,0.9434270190764205,1.0,0.9957232240592436,0.949358761900531,0.9786202281543741,0.22257925625470693,0.2518395642373472,0.19598635855725147,0.9387367363118801,0.9742074596357395,0.9224669631558041,0.9635853305022078,0.9781290769778089
2023-07-11,0.778426246484958,0.7742918005115061,0.8579217143505826,0.8884865944522697,0.4103154691357362,0.43985398099887096,0.4599134437717052,0.2444411328516824,0.38726182790404345,0.5275298214397519,0.49958859058437544,0.4464666378103403,0.9455237028840979,1.0,0.9916957132593521,0.9435213647690524,0.9732407856562793,0.2238457991981909,0.266014281234191,0.22159658583942035,0.9461191193152971,0.980607936326875,0.9293102309020251,0.9703840874252803,0.9846611753139034
2023-07-12,0.7891075032577165,0.785705257097287,0.8680851661998032,0.8944675930633328,0.4003042239556305,0.4336826450262214,0.4663941217502273,0.26028558787073713,0.38957112020399287,0.5238566857200987,0.48006226375463124,0.4565445700632208,0.9446183129802687,1.0,0.9867206391897207,0.9397060423622213,0.9760721200127223,0.22603311840156967,0.25956170725730504,0.22139428533039848,0.9456742314836355,0.9821887618736109,0.9302657651395699,0.9713775399419775,0.9860444495632995
2023-07-13,0.7789580532518571,0.7889332087038083,0.8411355147515557,0.8504356082409694,0.4237740906960668,0.41336334970274524,0.5813831582565006,0.3267522461678485,0.3905774926963247,0.49616693354460706,0.5357122040924445,0.45276775690999405,0.9257349196593033,0.9894974211023225,0.965307751575067,0.8155360629497892,1.0,0.2011966285057919,0.22075029802886786,0.12202587866226595,0.8556065882284025,0.9011091026147953,0.8371663559437088,0.8945978724969528,0.890732606755308
2023-07-14,0.7608943786173841,0.7684509010351926,0.808357300290127,0.821898243894416,0.413567809558981,0.4126559634861088,0.6052141870308168,0.36223980731774763,0.39910631520333856,0.4757651845979049,0.49151321807211984,0.405358434422794,0.9348089908415509,1.0,0.9870563844732502,0.8175022860010969,0.9774293527650089,0.22476402765235085,0.2806587663814861,0.07543157417938727,0.9005322029500799,0.9368897512050575,0.7678937175630197,0.9325303477624963,0.9177441027152511
2023-07-19,0.7725677230774576,0.7803030246516194,0.8103267537598199,0.8058439137392392,0.4032967076580472,0.40515547233512866,0.5948220752697424,0.3510346246856552,0.3873196221624381,0.4691914260535908,0.4957774178410222,0.39875263431315083,0.9369577339433082,1.0,0.9896839357946985,0.8197578260897826,0.9894266105540155,0.24273526937368775,0.3102292777366434,0.0783233317598321,0.896904722176576,0.9323194079237321,0.762273804982873,0.9276203423475129,0.9128301958851238
2023-07-20,0.7107476597194665,0.7208571725395703,0.7140255327685656,0.747437823425227,0.3949192725811505,0.31047620549493965,0.6494477819345249,0.4069112355148836,0.4036425673210832,0.44790739639610266,0.45974262415671996,0.3790057431623217,0.9312812884838642,0.9953390915400875,0.9750635718633621,0.8295797099230499,1.0,0.25249256147387444,0.31632759130423466,0.08224607134463657,0.903230191679064,0.9351724832713086,0.7635669578159459,0.9300823887342161,0.9136853404396139
2023-07-21,0.7336634547630186,0.7571933434056163,0.7592220588265356,0.7382186721890731,0.31787655866191383,0.2633510298889504,0.6360668475406855,0.30046763911414404,0.35593991630670563,0.4877153701034423,0.4871491570883285,0.3481061427420811,0.9350512345225787,0.9991040996585694,0.9780621202699286,0.8374629138109595,1.0,0.2703626104481862,0.33742368159771735,0.07793358420944438,0.9174769321675361,0.9893939169365863,0.8003063374271892,0.9828322599308046,0.9655006593656545
2023-07-25,0.7261459401991263,0.7499618411561277,0.7571918180295552,0.7332329980400829,0.3342185092438805,0.2630407691265726,0.6474770527543977,0.3107397514280322,0.35483459837177006,0.4650082050024917,0.4649473402153193,0.34059689000063204,0.9280612323732294,0.994694653828751,0.9754555053668277,0.8388025418223766,1.0,0.2874838025640745,0.3552935541494958,0.09597743007282135,0.91225457576618,0.9846027982825758,0.795990582528638,0.9792846419476022,0.9619090091085927
2023-07-26,0.7124813677140277,0.7405374442686965,0.7450508523956831,0.7185161444507825,0.35517481708011134,0.30528085178619335,0.6542656965088575,0.3069217116036915,0.30329950428333946,0.471760254380447,0.47086537355236674,0.3352880929566723,0.9318028164452826,0.997854093474062,0.9821211158184933,0.8405282332223352,1.0,0.30097487498950204,0.3875103484489692,0.11971477394554177,0.9115479977238137,0.9814759369101533,0.7914978215451173,0.9764413738345336,0.9575151799861717
2023-07-27,0.691828347598037,0.7217657976110765,0.7214936928917705,0.7109237044930463,0.35754069157424573,0.2946855977065955,0.6506871369441709,0.2921410673485968,0.3040879021622399,0.46874420287208574,0.45962713992048015,0.3206794841575891,0.9353448114840447,1.0,0.9755542740911233,0.8415574740941538,0.9924823779705608,0.2787377831735045,0.3922346472063036,0.11338570460739407,0.9178402265664896,0.9811013684304993,0.7962369919157376,0.9759023010794309,0.9576419790571647
2023-07-28,0.6943095316355455,0.7216742785433313,0.7261827535889726,0.7174978027859407,0.3562217843328483,0.3028244683151656,0.6151526409675684,0.2587436334322545,0.29733984174587436,0.4692813448771685,0.45898672800344964,0.326872397659976,0.9355453969896014,1.0,0.9752712849095576,0.8398184094133068,0.9900871337652578,0.2770080571749267,0.3903127308244315,0.11792807931685033,0.9151094512508229,0.9807374522615611,0.7972834784697497,0.9753847998979592,0.9585227919351115
2023-08-01,0.7119830643522421,0.7423672050452611,0.7433662596887655,0.7264421822180969,0.3488683388738899,0.30231310338896394,0.6241669066919722,0.2698305300682187,0.31888349230645713,0.4334974794074458,0.43357086123937877,0.33221013552913853,0.9345958519777199,1.0,0.9666880459205446,0.8506377178607987,0.993270228810275,0.2817051269729729,0.3901061514286206,0.13532562511510826,0.916131301646037,0.9911469718302823,0.8009611224741677,0.9835493587839687,0.9665082382808279
2023-08-02,0.7724361218111624,0.7995880186191409,0.7950229051522564,0.790762044638796,0.4497722951273458,0.3722457474234169,0.6084892777658384,0.28789870134286377,0.31343017337915485,0.43162103696164694,0.45657797414072326,0.40223924806867417,0.9369005811378495,1.0,0.9758237273710252,0.8520003710304481,0.9993037366278715,0.28083022377269445,0.3847228946268126,0.16534810517031068,0.9010999085675603,0.9827880190958019,0.7975610618010989,0.9751731948249198,0.9610437475831779
2023-08-03,0.783053096882674,0.8103806287461052,0.7993807765420062,0.7863199127885142,0.4614773265954164,0.38450696564041875,0.616960526633733,0.3006274417826366,0.3096365371502666,0.4078427462450392,0.4401419030060567,0.3721031119080026,0.9359696243741612,0.9986510026395072,0.9719762503173291,0.847556289725619,1.0,0.265872777392765,0.3411276003736225,0.1047590958357503,0.8916196913734447,0.9707253097071661,0.7854707700906853,0.9632673444951046,0.9462572465214156
2023-08-04,0.7765334204275661,0.8034637279002363,0.7892252837050049,0.7737729293778457,0.45419558441572555,0.3897787790517766,0.6475103939518616,0.3366657043796174,0.3221483384220027,0.3821793656087458,0.42530455381227467,0.36538847423989623,0.9384140957857349,0.9984692936047643,0.9628615238973968,0.852234660594381,1.0,0.26860095267708683,0.3414640836659376,0.10099420833765661,0.8847672248171314,0.9689271759805622,0.7834004150394857,0.9598527675426094,0.9415298770699966
2023-08-08,0.7437923700813003,0.7704058158173341,0.7512465624899773,0.7486206350294842,0.4258779251541899,0.3873668270297858,0.6534645279441268,0.35626893961877126,0.32300462784724815,0.37514596971044134,0.4242645848929228,0.3401576212097098,0.9311010360566462,0.9928088924061118,0.9563657121207797,0.8478880055983903,1.0,0.26458806924526274,0.3357951659729118,0.07181840266060407,0.8783170812898058,0.9635326833610289,0.7752651020074672,0.954425580009188,0.9325146567341478
2023-08-09,0.7455343653577972,0.7684546113777434,0.7519463218984576,0.7324672501451209,0.43769648054515853,0.4112697036832925,0.6505864556582618,0.35943956888408735,0.3342718545367827,0.3937618531023189,0.42246663964154596,0.3277997629449184,0.947980151245242,0.9949939689763494,0.9565753906096703,0.8524699696013209,1.0,0.2735863758601878,0.35472087811199915,0.09203674891425065,0.8875742491696197,0.97606374923434,0.781908552268466,0.9651407492868318,0.9438017518646395
2023-08-10,0.7362593301197637,0.758919852518755,0.752131131406783,0.7145483252387561,0.48035802499334146,0.39935701566566095,0.6167993373066102,0.33200560588251526,0.3071596677987724,0.3863344377583522,0.4037292865858768,0.31103488348593833,0.9452466813604516,0.9949321496553408,0.9631233691925608,0.8561274710047,1.0,0.27484256998151435,0.35571338726458945,0.08524857539393907,0.8931105778708867,0.9793079710818923,0.7825612114122232,0.9691836278181631,0.9485270476114792
2023-08-17,0.7554958623677439,0.7869415552871005,0.7609485785311423,0.7240231436934684,0.5291755775301461,0.4432475381733323,0.6311594741945128,0.30653913787797804,0.386293384667662,0.39789165225506984,0.3588245687205207,0.27678508544967767,0.9542884288547572,1.0,0.9653813645410955,0.8743196179770061,0.9907025332905226,0.2765851140550046,0.3550541168285161,0.10446462484754315,0.8854130915704292,0.978011420902267,0.7880783621004042,0.9662375031100443,0.9478847611861596
2023-08-18,0.7117948531205494,0.7497618530157407,0.7201009490952308,0.6943822409133042,0.5013700812279279,0.4259881707126107,0.6066072705584148,0.2848585012386866,0.2820620944563192,0.3829538488732764,0.35986352046020464,0.28978751779794626,0.9604762614419196,1.0,0.9641776645585458,0.8848216158007246,0.9889902628962178,0.05637171471062283,0.1004179562194181,0.12728508800755006,0.824287538900943,0.9005842934644259,0.773482371598283,0.9014091347314912,0.8831174305152023
2023-08-22,0.6728917912030098,0.7066935775843948,0.7160186073225924,0.6997225464796407,0.4997976009679767,0.4691151254310409,0.5980769231613534,0.268827590984586,0.2933316631972491,0.37833945894640714,0.35471663174516505,0.2826122505486856,0.9517958499960877,1.0,0.96961388709823,0.8903872759157522,0.9923470747753046,0.06897759974631418,0.10506109252294984,0.10764763930031067,0.8330665326380747,0.911439830180011,0.7629532028407026,0.911804883503085,0.8926959322985787
2023-08-23,0.6796127694568618,0.7131500343904781,0.7106160239553009,0.7035429238352329,0.5129747614230347,0.4700599041302833,0.568949291699012,0.25051108715676673,0.3040091820870993,0.4135726302214023,0.41678224137055864,0.2385940127402705,0.9478402009466436,1.0,0.9727946380984264,0.8820880732723716,0.9958191648454303,0.09467564957094912,0.11312018492357882,0.09469290228539001,0.8214204874363884,0.9009948477923881,0.7526776754170609,0.9011410514918726,0.8825584711320689
2023-08-24,0.6669939536481461,0.6882436010880207,0.6961803704341902,0.6971541877291045,0.5106401563825573,0.4605647581007499,0.5694598956788999,0.24371656427561744,0.30122611611505185,0.4012676211089012,0.4215925003521464,0.23574415463505705,0.9434559541629864,0.9941303864708905,0.9554226731932708,0.8849314012357489,1.0,0.12383851494664218,0.12668260913979465,0.06330050374177622,0.8084327934966258,0.8756858337879988,0.7400306845288432,0.8750264789518111,0.8612429109977037
2023-08-25,0.6635935500376241,0.6884148827776021,0.6950539622041174,0.6911085225873526,0.5285321576370136,0.47389518968243405,0.5922258090635746,0.2780834118014206,0.32243867732018594,0.3920101489347695,0.41575751585255094,0.22411331294147804,0.9428193410939313,0.9933523117714764,0.9481524833221235,0.8846799042488737,1.0,0.11032264750135691,0.06700077711352383,0.1117458888812515,0.7942030204343083,0.8689570881107342,0.7354271576656208,0.8689359342220729,0.8528695605737194
2023-08-30,0.6567882562567554,0.6807293680692765,0.6893495270356593,0.6966008847119834,0.5345838330692174,0.4773483579537543,0.5998777259430489,0.2999188413546228,0.319185116568407,0.36967250288123543,0.4144234534583954,0.2352474044584511,0.9405792510075012,0.991648049170689,0.9445426293070788,0.8811201696843715,1.0,0.1111574695655833,0.07545815273580275,0.13632544547784645,0.7940653492702259,0.8756142428885962,0.7399875113177903,0.8787435718431146,0.8596862797161103
2023-08-31,0.6323372850969594,0.6199393674286015,0.5808278710511988,0.6562314944126404,0.5021952544493662,0.5033317591163512,0.458772621438685,0.19030528854796955,0.2273349419623754,0.37327113152948516,0.4272170976569907,0.2104002868742859,0.9436593435795476,0.9878085430055381,0.9519967343599086,0.8838645510916784,1.0,0.11580489775927788,0.07568262121084059,0.1506790905455054,0.7588765400152807,0.8186464856176217,0.6920363360596746,0.817326876145627,0.8010470947801464
2023-09-01,0.6409002431531639,0.6279718937603399,0.5864496086466455,0.6546111148173549,0.4962646544859734,0.4825581892312314,0.4843902438420043,0.2038198379216269,0.18587258524126132,0.4189308775003732,0.4634561870433134,0.2227131112175528,0.9450758495683149,0.9910679707117108,0.9559344134977648,0.8823765104079478,1.0,0.1355492494351425,0.06688456383026019,0.1763304441106139,0.7604309580284393,0.8230469728889125,0.7035657860498596,0.8232744955144992,0.8069959556745846
2023-09-06,0.6327774126598068,0.622415072205967,0.5863814392640135,0.6480351060409184,0.4914023474464657,0.4818124706775702,0.5011836281335578,0.21581918593402116,0.21100726065369216,0.41937962351417396,0.47919874451164357,0.18267129623969747,0.9381943134304536,0.9841673241274661,0.9427222357327805,0.8860080934114537,1.0,0.13804444530739762,0.06168863821443738,0.17866708986377886,0.7481144741934722,0.8135604944038679,0.6952067301405797,0.8101400638305097,0.796467010446787
2023-09-07,0.6258418310602903,0.6120889347256391,0.577081882107525,0.6418979286414899,0.4865214700063456,0.4720044724849211,0.4962912613649268,0.20049338220304214,0.1958749516491359,0.4343108526291306,0.4948444048410072,0.1989259078122845,0.9344948614187948,0.9844337698467531,0.9389039007274422,0.8868201425071974,1.0,0.1302437964845775,0.06510549901737732,0.17558530393897773,0.7234351548186954,0.7889837445352377,0.6898491911178084,0.7869555360559487,0.7732818501727011
2023-09-08,0.6263490507993207,0.6160268781447266,0.6322017286281457,0.6887593972161369,0.49529076678729606,0.49532382636312483,0.4957900071383216,0.20711555349651778,0.20804813277036954,0.420598355946372,0.48930685679985264,0.19722010167177045,0.9308018163982577,0.9805598365506304,0.9353954855826249,0.8993471822270275,1.0,0.11533724482790429,0.042128882030894814,0.16786424905431133,0.7375059861201947,0.8126104667730061,0.6979316746343608,0.8085584748659214,0.7914997569391006
2023-09-12,0.6038523965213295,0.6049326236730301,0.6139397777429935,0.6689923620095933,0.49582277492083426,0.487916129465076,0.505140487649726,0.22947415573487476,0.21423856015659654,0.38780779336756177,0.4768079344870869,0.2109232373340103,0.9347830000437416,0.99335974275501,0.9452215116577436,0.8944068620692225,1.0,0.11426698872439993,0.05762449462864088,0.15606478299357662,0.7314264310007172,0.8086402230147354,0.6992195130487131,0.8117084413862676,0.7937979981430157
2023-09-13,0.6088500871528653,0.6044713537324617,0.6067197936260186,0.6707256087948922,0.4816483162834458,0.48292691126709025,0.48942210523559376,0.19513721008977675,0.21122562293076022,0.3903519998181582,0.48096613363005875,0.2207800174876734,0.9385247605008151,0.9944873346114558,0.9496739819556388,0.8998795820134801,1.0,0.1486993308323087,0.07157278671273755,0.142431309354088,0.7343706655406614,0.8148867215962551,0.7078264727601409,0.8136689028615035,0.7955849473317343
2023-09-14,0.6569279832008684,0.6366852628027868,0.6400128682489595,0.7076309774539681,0.5543532727351594,0.48663459317219165,0.4834398588489565,0.20003406420690506,0.31002131690284046,0.4181879082688351,0.49856051843221894,0.24377718465718579,0.9420034177938303,0.9972036547453885,0.9423206060526502,0.9016090036909852,1.0,0.09063250594858681,0.06493718399130034,0.09153156895703624,0.7566449767098338,0.8438967075265795,0.7183530430063793,0.842514991678619,0.8239814076938289
2023-09-15,0.6756803575343873,0.6510576834101635,0.642380107086428,0.7083841030543837,0.5526480159028513,0.4912865470563673,0.4979313313296795,0.23635481183884072,0.3160039393916688,0.46056901033544284,0.5119990790841448,0.24994310184080012,0.9409392842016551,1.0,0.9357213504671277,0.899650837479806,0.9824922178267296,0.09787188634566595,0.07972098621382157,0.13917631780265127,0.7705577046738584,0.8565360961851641,0.7243477177972324,0.8603727881777216,0.832843718124454
2023-09-21,0.716450046953248,0.6874180044627123,0.6825714160523063,0.7195215588325987,0.5872389458208991,0.5320187715299248,0.5123185628334244,0.2819187639904242,0.3749586451747643,0.5002693774239979,0.5278198120501961,0.3005840573538546,0.9418255388019614,1.0,0.9360258316967808,0.8952984375604721,0.9872728300994282,0.1622949787520259,0.0252843923573232,0.1887862037061787,0.7540033990798342,0.8355319764576146,0.7191330052669818,0.843613456227756,0.8166203585417591
2023-09-22,0.7119607391842319,0.6894933920331415,0.6808284161300122,0.6983291462056588,0.567573895762781,0.4990094233534869,0.5102724890422821,0.3148426538034965,0.3484053190302907,0.505361565957858,0.530246889750253,0.30474204934654947,0.9400181970721201,1.0,0.9376145207150901,0.8960487243049556,0.985360358197391,0.18299870689322056,0.04410949171400052,0.21087778107631489,0.754919456408494,0.8363770668073193,0.7242708694627643,0.8465931814722111,0.817445569139051
2023-09-26,0.710897794093648,0.6891045996943077,0.6825258537995262,0.7014334429286713,0.5718103635273877,0.5005747311192746,0.5232795754638327,0.32825216508979543,0.35037830385139285,0.5351885686008148,0.563918817893633,0.3053638687868952,0.9415494036958284,1.0,0.9256529551317684,0.9053638324799467,0.9997696223744752,0.18830428924882683,0.04756320838368365,0.21496599045375173,0.7535928818758229,0.8273249778570533,0.7203857436203246,0.8369130713075491,0.809303038706095
2023-09-27,0.7140883037511666,0.6926770803514697,0.6850679534601238,0.7033224009444216,0.5724909982268007,0.5012631851976803,0.5277638851276225,0.32777508647394105,0.35100530579338596,0.5243315857632046,0.5665179847386289,0.28023140821824005,0.9387066269892108,0.9980965779488936,0.9258121706045033,0.9102517276520302,1.0,0.19638520527470588,0.046293494808347734,0.2052316046511987,0.7461790309578402,0.8187751469172454,0.7151099323384897,0.8293744362318264,0.8029541827773419
2023-09-28,0.7076311535223384,0.6917852524581389,0.6868727888015372,0.6986574038734221,0.5409969460925256,0.48442665383458866,0.4886928081867513,0.3166307343312364,0.3454794523859981,0.5217799178493119,0.5689163661912425,0.27094368241211836,0.9428641027003751,0.9976822034473278,0.9298412627130015,0.9154148660963158,1.0,0.1962662476675152,0.08682055451741291,0.22439878985819278,0.734090576657881,0.8081192337441959,0.7088108090387663,0.8201681829138832,0.7907709125414053
2023-09-29,0.7090288126158345,0.6943922150719379,0.698654021779686,0.6924404266451775,0.5438882191795276,0.5058823672179744,0.5074332991402541,0.34522952026204584,0.3467733726982474,0.5178434372314071,0.5636209890252359,0.26842710608071046,0.9524357066592823,1.0,0.9316712128310645,0.9041824704640313,0.9862167753577269,0.1925129902046832,0.06042923025771815,0.19347564626200595,0.7346348827440041,0.8176012710482821,0.7083655224889854,0.8289865248523878,0.7987562511945523
2023-10-04,0.6669554127723345,0.646496674822526,0.717449827773234,0.6832389123246584,0.5982809700702133,0.48437044474968716,0.5447878482072812,0.38854658919992346,0.3622485336342812,0.5500734457411952,0.5773206299374302,0.24457059425818842,0.9464554093344791,1.0,0.9219762021653957,0.9099279237803221,0.9878186252774491,0.15950823597382371,0.07056593593331409,0.19312382954852034,0.7490653074929151,0.8262978968565228,0.7067213338370061,0.8338043561428443,0.8024023544012405
2023-10-05,0.6750883749312374,0.6413873973026528,0.6558398308558709,0.6426702881836254,0.5506006732018467,0.4457149023572883,0.6117466934359677,0.46532025819643347,0.3566132247271604,0.538076933256212,0.5737399336005906,0.2633210307225322,0.9484645770147883,1.0,0.9213084154105715,0.923731694235877,0.9796528098697673,0.2718172558244172,0.14057428312314307,0.23525762965250888,0.7535296556221096,0.8151304589835114,0.6571171493763505,0.8160288634525885,0.7852579125742764
2023-10-06,0.703864888957058,0.667643921042813,0.6544265253230362,0.6595341008751747,0.6063479223653067,0.4811398000332154,0.6046700302035116,0.4515802610331787,0.3144620006547122,0.5617173704205625,0.6194203081925205,0.28239556118176345,0.9489669703948732,1.0,0.9239734352111585,0.9154512169359228,0.981525662401211,0.29673717492795126,0.15156553244498344,0.22531806089113782,0.7588759451330668,0.810667840537862,0.6537956579091019,0.8160492800179072,0.7819663539239462
2023-10-11,0.6990603353178017,0.6759746486310063,0.6272360146193093,0.6139251855204506,0.610651654903,0.46942249707486217,0.6098428569464646,0.4468305789042957,0.28042937499434784,0.6126007604388467,0.6281380222266744,0.21795415829951717,0.9494028093453536,1.0,0.930405187963535,0.9179599232653844,0.9707578112320782,0.3097886901198377,0.16462707136064683,0.22977086231426921,0.7556355416811499,0.821528249409949,0.662125051676103,0.8221372223766172,0.7895050793295909
2023-10-12,0.6787528786210077,0.6526027422750085,0.6262767003379932,0.6005055098190402,0.5955219968477204,0.4673973842069343,0.6352704473427206,0.45194566019672067,0.2853632582908604,0.6338451930829744,0.6496312806226807,0.21448834766228211,0.942371875867658,1.0,0.9109892682069386,0.9190843594071729,0.9731343336169657,0.31337412221965294,0.1579473265636336,0.24010613313385554,0.7402879757821159,0.8130859144893815,0.6582216872465263,0.8120414044597367,0.7782354838691147
2023-10-13,0.6999691546584674,0.6602501979786339,0.6910936168891502,0.6220359696011117,0.6078624129417582,0.46097399599753314,0.6540616936774883,0.4831772393662061,0.2951319365248022,0.6057653199316623,0.627275121011962,0.2789095685303582,0.9398442302804936,1.0,0.9157473298117218,0.9192058787608213,0.9731175415684709,0.3138591913378783,0.16159109528217536,0.25836549285123006,0.7874130318950023,0.859133439013018,0.7070402674287816,0.8583155202908497,0.8236082127604328
2023-10-17,0.7020488366100068,0.6565167413567414,0.7055553151192544,0.6507949002764994,0.6338987647528845,0.48759934176372843,0.6645431324952924,0.5022826092013438,0.2997077863292464,0.5805944669951787,0.6022993591913149,0.3027042380528867,0.9388630976217376,1.0,0.9166578469488589,0.918904716324187,0.9725878105956097,0.32800048821927286,0.15300810602704326,0.27598282405104263,0.7972132917226757,0.8809275475103104,0.7321659828257643,0.879474374140467,0.8418244289563839
2023-10-18,0.7279334075512802,0.6900954888522848,0.7382973697456875,0.6816852911977149,0.6415917275524068,0.5165276883464706,0.6613493660261955,0.5196290109638723,0.2993974589124773,0.5844755096686696,0.6203942591947273,0.29908924427925754,0.9413078884853147,1.0,0.9252939782275862,0.9252364153393053,0.9664827185642532,0.337163222878773,0.15192510134791903,0.305866088725023,0.8117401483029804,0.9072810213261371,0.7645085007186284,0.9085740899117912,0.8679456340718239
2023-10-19,0.7327339248044037,0.7012626110670211,0.7499679528348169,0.6907913319990364,0.6496408321356533,0.5254819375576794,0.6744684137249938,0.5338638813503042,0.30316755052371597,0.5810948846848533,0.6148208956648117,0.30326079027469427,0.947795503251974,1.0,0.9321257631836413,0.9193540909670879,0.9617320031065569,0.3417786590043592,0.151941109548029,0.30235288450849396,0.8170269952285796,0.9192109985583333,0.7729591255286544,0.9220162559441504,0.8794325471259314
2023-10-20,0.7006384284017728,0.6544032023743525,0.6930223919052135,0.6467586249110766,0.6087759743984388,0.48675924458467257,0.663752462188039,0.516936391166444,0.3091471709616415,0.5827354387640121,0.6111852560346408,0.30519303200921355,0.9386100739576045,1.0,0.9312780002829774,0.931009264056903,0.9533398457052223,0.3518547209174202,0.15519443525651744,0.30106865071837685,0.813258878172643,0.9115001647517814,0.7543450315635891,0.914856913184961,0.8693400192622756
2023-10-26,0.7290704509797553,0.6833119726823326,0.7236933330765934,0.6837016440439864,0.6348930387047417,0.5164317600176122,0.6724097675230025,0.5331522497970476,0.3112964683188225,0.5821572910068865,0.6223531808857298,0.3229814745675496,0.9435986529080215,1.0,0.9315773488567599,0.9289347043829846,0.9575606939363361,0.3417459689589517,0.1536571496821857,0.29508877177110177,0.8170611400504477,0.9131231260972861,0.7568809438510745,0.9170731775546483,0.8716463649197506
2023-10-27,0.7327425102631752,0.6887346706134625,0.7216614657145158,0.6769053714214467,0.6305460381620959,0.5101546708309607,0.6741650869427306,0.5330894486607912,0.31211881601511887,0.5801470158395694,0.6186381053497597,0.3099720282571276,0.9458581658641102,1.0,0.9353790572053631,0.9330733747580613,0.9566645466285367,0.34202388514122567,0.15371747531905516,0.2980028346936519,0.8192280365557544,0.9165071327711569,0.7592630520333485,0.9203971245653834,0.874642470744496
2023-10-31,0.7119034357238608,0.6613137356335562,0.7340382467440087,0.669361616892042,0.641674206082366,0.49959454727010216,0.6791130863326319,0.5404168415971926,0.3142726648854735,0.569718728280704,0.6059152785272638,0.33718398830323304,0.9575963097610889,1.0,0.934412668147638,0.9479343429624764,0.9544280718238618,0.3593334010838239,0.13751605657980823,0.2986950135895032,0.8285464552965955,0.9372780040434843,0.7840763628828784,0.9415749097008832,0.8959739381907221
2023-11-01,0.7303983679390386,0.68377663911338,0.7342791473306425,0.6677980280312208,0.6420826106309994,0.4907777140558646,0.6769162479946911,0.5371990742148729,0.2864580130198731,0.5472489999065284,0.5872228393902044,0.32860871325778995,0.955153728170983,1.0,0.934557753162374,0.9436775688506048,0.9620030425788734,0.3642864610420712,0.14191532780412153,0.30728490589766694,0.8264393006210934,0.9376881662799881,0.7939448751742784,0.9449278512087094,0.8959178328846575
2023-11-02,0.8211711850486544,0.7754200091030659,0.842928292260021,0.771761594263892,0.7183008455574682,0.5566696485950805,0.7409552785766268,0.5999425403093533,0.3543366212086234,0.5788900302207732,0.667625917404976,0.30083415863326873,0.9647608916056734,1.0,0.9439009397336721,0.9840938534295812,0.9717729387841413,0.38122814787867404,0.13799064600553862,0.3477092000683276,0.8569067052873712,0.9816487781291636,0.8338884366641157,0.9937063233164828,0.9404994005119146
2023-11-07,0.8311946270123298,0.7799338681276119,0.8250487412999337,0.779321517653051,0.7390746619401888,0.5631047233383476,0.7554881606938991,0.635186112136332,0.33513831005080313,0.5826051917889807,0.6751479951311965,0.36516654074299565,0.9599503342154632,0.9911535528347362,0.9491326965587475,0.9777227604916212,0.9671984573129649,0.47748565872459375,0.25913271455594555,0.42349842167173823,0.8630871927486615,0.9824220903484754,0.8311683846757226,1.0,0.944047424679106
2023-11-08,0.8297561313424784,0.7784427987716998,0.834859918932314,0.7820888033910733,0.735160670850991,0.5623862035299717,0.7560876530558669,0.6334048572973351,0.3596129625686769,0.5818617536165469,0.6673346793738739,0.3703417374141241,0.9584554208610172,0.9921377101473104,0.9525982031539368,0.9704472098486246,0.9650064671702965,0.4768955589844168,0.2562048218595093,0.428905881224717,0.8657734785669441,0.9874509789246162,0.8329911376697695,1.0,0.9429999827632707
2023-11-09,0.8495642106931717,0.790869430864973,0.850774250900865,0.8059202329790901,0.7581033799163259,0.545933895065851,0.7712219236960031,0.6336025260236768,0.3614694757716622,0.6040745961581174,0.6925090146401173,0.3892960737368449,0.9708857128543236,0.9625261787866622,0.9674031122166159,0.9542749683818958,0.9723940848419904,0.45713322385320226,0.23898698556917933,0.43219398192730113,0.8297254494803288,0.9865661015449422,0.8336142130004026,1.0,0.9427008177002952
2023-11-10,0.7859915051355248,0.7478529785780983,0.7628317946312473,0.7283794315057561,0.6978963147209657,0.5275254191777557,0.6721521923101554,0.5011207959498608,0.36517170405049393,0.6536897582400797,0.7424492881988775,0.3268296802414512,0.9215367624999883,0.9521377917381563,0.9297892837576825,0.9606766783037588,0.9509488956856635,0.4627749039717658,0.28943104384028207,0.45208675086752076,0.7311549202174026,0.9659754170765511,0.8562800088544941,1.0,0.9512856277133278
2023-11-16,0.7335691581286378,0.6965476251687218,0.7581034268272379,0.7459019480316691,0.6923791239878361,0.49752152848727266,0.6390423152307405,0.4699272096838924,0.3546918769855145,0.5496347493659532,0.6520008588930188,0.4061794534616548,0.9402975960972709,0.969356790861336,0.9623185131292545,0.9405724083113411,0.9046678380676578,0.5090796233571853,0.34179171262490454,0.505190374587786,0.7485601012382381,0.9802900990292708,0.8774668903772873,1.0,0.9653070598792743
2023-11-17,0.7141907603017104,0.6761718474892418,0.7064291336476327,0.7572279780527931,0.647161757090536,0.4625159855250693,0.6278244868644157,0.4450950898921963,0.3497208021260885,0.5323064222038376,0.6324022442109308,0.4297574522270114,0.9329997968900037,0.9543373645560238,0.9654921674147501,0.9258777616181654,0.8946108665664328,0.5119020658779629,0.3451016959575729,0.5039249371216229,0.753933341186549,0.9788028186504784,0.8759767198990152,1.0,0.9667691620800181
2023-11-21,0.7035577237741796,0.673210857325849,0.6892210964151867,0.7452357212245814,0.6308163181377999,0.43808647583228716,0.5981609516964864,0.41473725898435726,0.3404398967816756,0.49211043956856404,0.5974122611928151,0.4351974623068175,0.9512658998776211,0.9677716346866845,0.9734850407663309,0.9232195094390423,0.8977739773652634,0.5284989666034708,0.3481349547313639,0.5256677238725634,0.7500362909221783,0.9826622754718789,0.8809252120400048,1.0,0.9706604299734339
2023-11-22,0.7183187909755373,0.6939354232731914,0.6889420657209839,0.7251690194913754,0.6359517084567132,0.44414123672168937,0.6153583785043398,0.43347411684211085,0.38139796998956277,0.45692866794981135,0.5469344260291833,0.3957429264204571,0.9753541219356403,0.9950370493381228,0.9833944862652194,0.9303557272936821,0.8846525382523084,0.519490868120584,0.33146558095351464,0.5439627468239514,0.7597166351834362,1.0,0.903430567600362,0.9941833965683936,0.9919523513736355
2023-11-29,0.7174881045156682,0.6930771715657331,0.7018763981687215,0.7207689857205365,0.6409131036559802,0.4650374483191284,0.6296756768245955,0.45235171128704393,0.38336306019008676,0.4516711809636411,0.5467701903850465,0.3947011308745129,0.9776914983870787,0.9941606934255202,0.9813714431081704,0.928633809104176,0.8839101514914807,0.5176527464799098,0.3300156914702085,0.5425585722427643,0.7577175070149114,1.0,0.9072714307211861,0.9926083053414502,0.991710404215777
2023-11-30,0.7137387166639179,0.692319271988901,0.7057371955656208,0.715574777061366,0.6376935219332395,0.4847028039288033,0.6217077540542121,0.43888552368500955,0.3850494655167283,0.4168778269989736,0.5343394503051793,0.3752701510433609,0.9743274679941971,1.0,0.9799101923819576,0.9362840715625816,0.8910590934946737,0.4930935984005514,0.31532533696328535,0.5284700272013481,0.7486537901885705,0.9904075978860353,0.8956492148531066,0.9828281456375243,0.9836846897048095
2023-12-01,0.7196369956964843,0.6961813938204594,0.7297125173173824,0.7238583823841882,0.6243351748393329,0.5211025139302068,0.5661019602170171,0.40678914126903554,0.4044529838611695,0.4209978550008365,0.5432997555188392,0.36080973984839704,0.9717220699889134,1.0,0.9758385967600979,0.9357129566517476,0.8915195534490087,0.491205477745061,0.3313593635156081,0.5126293103597288,0.7436467450593199,0.9863062084189848,0.8922902342706404,0.9806898602557599,0.9797154528367653
2023-12-05,0.7221849365071727,0.7012365574336344,0.749360763133037,0.7192711570161169,0.6221063207268743,0.5223560046014482,0.5539726394971691,0.39613538434231627,0.40293893265103514,0.4340770495304454,0.5466916789684371,0.3634275572703148,0.9696130680731222,1.0,0.9804154130692048,0.9346111374723772,0.8873996763182845,0.4885814615130903,0.32885196667896804,0.4962282205073438,0.7490222689626366,0.9843319710277095,0.891059043029992,0.9927561989155823,0.9772753891654445
2023-12-06,0.715964388416779,0.6953124079381561,0.7613509713870654,0.6979240022669722,0.6358766858826115,0.5327189593406547,0.526810128775055,0.3761524907511722,0.4236813716890031,0.4016346513082776,0.5397231124238883,0.3809993955108692,0.9661868435221406,1.0,0.9734483332092402,0.9233325480560437,0.8752261780809275,0.4846658555967735,0.31688817139198616,0.5156064022673457,0.7344557653357998,0.9876161291328414,0.8956341356438646,0.9919322426079401,0.9811400233454165
2023-12-07,0.7079517844507446,0.689317931637812,0.7484790617029488,0.6651775299573722,0.6189142495871679,0.5252853144684424,0.5201269637178537,0.3780013208817387,0.40056499690652214,0.3796689202850949,0.4982374818944564,0.3659041752796641,0.9366627089326629,1.0,0.9668729885232653,0.8922412232203867,0.8283407928779097,0.48138457810966107,0.310338964702389,0.5138878345234669,0.7239578372728479,0.9722739585558045,0.8804077571641535,0.9724334270844053,0.9648601713850751
2023-12-08,0.6742589179343361,0.6608549087117276,0.6961131577017847,0.578784401910129,0.5149417756946751,0.5104326325257753,0.5044296334802786,0.36346761221437246,0.40753465314881043,0.36846156123765117,0.4616743820649101,0.39294485380120825,0.8939663205138784,0.9717693359194238,0.9255012133885911,0.883245524620642,0.8550996423614895,0.4817463740904643,0.3029321436509396,0.5107605250075629,0.7295318835210989,0.965632679817077,0.8769685751432285,1.0,0.9587432818058773
2023-12-12,0.6745788157748177,0.6639696498014618,0.6911134002204744,0.5758563552208246,0.5137373154697947,0.5237809047670975,0.4996397546472281,0.3565459069953756,0.41600854581410424,0.38382654231238256,0.4730614795832844,0.38443671934660206,0.8838728567212276,0.9568754829388803,0.9265819954416138,0.8752657000999348,0.8503475635643544,0.4847283590428349,0.2941067621008381,0.5152565687511147,0.7342972415455217,0.9671601204495474,0.8520579317787546,1.0,0.960174388102832
2023-12-13,0.6854614421281137,0.6710389845961077,0.6727314398362412,0.5638031122717911,0.511569860268028,0.51372719358089,0.5294289991496705,0.38577887085799684,0.4762809866272395,0.38641670233010017,0.4541338991666537,0.3911775768039501,0.9067203196568213,0.9764430431734702,0.9236882875605681,0.8787753810425505,0.8590183108147365,0.48658643902021614,0.30163673972000815,0.5431857292608713,0.741126642252365,0.9732684670203556,0.8530171560070238,1.0,0.9690599922610036
2023-12-14,0.691789180060198,0.6770793951957733,0.6817496099580566,0.6267852397894257,0.5025495638468553,0.5676954693245295,0.6085785437181305,0.4654756159770324,0.5746053280893271,0.37437474925576997,0.45242594113301254,0.37760620791036265,0.903091300383668,0.974275031101646,0.9140161498409679,0.891828740649769,0.8695351905788802,0.5113163846378793,0.32329207676914906,0.533054931066465,0.734285488732351,0.9725604785103646,0.843192358059315,1.0,0.9655816467081318
2023-12-15,0.6740337633158316,0.6543665308642893,0.684554085851514,0.6156921849028237,0.49829343594465814,0.5558244643513167,0.581066044649853,0.4500080225572984,0.5603809068329143,0.3553726007309294,0.4205972325934499,0.3558032045831657,0.9125364463337545,0.973895703652793,0.9161180840282436,0.8754889479215365,0.8446025560108743,0.5174540214624306,0.3214536527101862,0.5322686732402433,0.7297896048490194,0.9814984490641901,0.8420948654728098,1.0,0.9688944370929129
2023-12-19,0.656581776370196,0.6449681209513428,0.6781224532154405,0.59865987124274,0.4934104103299959,0.5457708021258653,0.553832425083718,0.403714707858965,0.5614863007810439,0.3898896252958358,0.4342556551840202,0.33537278799296355,0.8980999682920838,0.9576107032510733,0.8769901256495269,0.8623483332843102,0.8230542697455944,0.5204349742319209,0.31865890433915967,0.5309814167300484,0.7320913684592677,0.9774937583105724,0.8451088456007428,1.0,0.9678740918696087
2023-12-20,0.635939482454423,0.6288423930888578,0.672141110170723,0.5880883129901959,0.48715035238647664,0.5376176055340391,0.5458611190156725,0.3887341162051662,0.5749660236240363,0.3702137173869907,0.43557279610036564,0.3562214468997236,0.8644372910965974,0.9318131453652232,0.8789395166037652,0.8621506730333283,0.8102971429161268,0.5050021114414716,0.293120465844109,0.5145417536820627,0.7184285665848158,0.9781402250662634,0.8361129018769694,1.0,0.967329124203918
2023-12-21,0.6438535743926933,0.6333928382359459,0.6340369552182763,0.5574301581726093,0.4143066434526116,0.5425720131538522,0.4951568200511445,0.3246279078479799,0.5977148083431075,0.32701895403582165,0.4089270710142641,0.38529017033776947,0.8426496437922741,0.9164796332149956,0.8413795280966011,0.8530513477247426,0.8399112390661363,0.5267837313065953,0.29833270864772765,0.5544265512591596,0.715703090639261,0.9747609010000285,0.839236982064713,1.0,0.9678127699545457
2023-12-22,0.6629551449807464,0.6542618297845731,0.6484110505198631,0.5636349714174959,0.4183006419462214,0.5495344037340598,0.5251010057770309,0.35075500584411246,0.5924234137822424,0.3105998649983735,0.3861760295425259,0.41480475896713764,0.8515338920024705,0.921387919587835,0.8484614417794152,0.8599452330021335,0.8471756567728929,0.529646041070996,0.306675236805306,0.5846868416456203,0.706707926698835,0.9729421033829753,0.813995341896528,1.0,0.9653140596074147
2023-12-28,0.6494732787585858,0.6396914340776719,0.6224471112229648,0.5499462377497536,0.4002008359745965,0.5520057554926403,0.5400010528930594,0.37656114388653533,0.6092148862879042,0.3108034070613948,0.38984324601283604,0.43823231281016667,0.8422085130432345,0.897908497869272,0.8217666555577033,0.8340433916758407,0.8211261988057453,0.48459682278114236,0.2503987785925186,0.5381798791975709,0.7285891858956568,0.9802545851256758,0.8017850809863568,1.0,0.9686049222928884
2023-12-29,0.6498437574374131,0.6445109589585838,0.6130334530288332,0.5446551986796188,0.401327873809448,0.5558016595544112,0.5535223258114519,0.3967392479929351,0.6079101897469515,0.3167595644826932,0.3941415127771284,0.4243891894669378,0.8398788187597382,0.8962487527883456,0.8134468597688351,0.8356107243419786,0.8169373691514227,0.48314612777563354,0.2632325411204496,0.5411558499756454,0.7312525780292545,0.9811271103385453,0.7994160437288351,1.0,0.9689276312073368
2024-01-05,0.6639523923837698,0.6609352232793063,0.6351223483919154,0.5591299037935747,0.4361953384709474,0.5687556010694665,0.5821939517621456,0.4388938294354375,0.5913458531979174,0.34301230606125765,0.42541575838022105,0.39568016201952094,0.8437458101539862,0.9046737371945874,0.8293766650317032,0.8476656371056186,0.8085507611796972,0.4952734797951804,0.25545227471807647,0.5203854570565358,0.7321713152818101,0.9822843520972104,0.7896163013311275,1.0,0.9698608742530422
2024-01-10,0.6903071414220149,0.680533149833916,0.6230369894404496,0.5295290192158322,0.45820289343080073,0.566944746395628,0.572172039316257,0.43180122795335263,0.5791724031089133,0.32922032993206807,0.4171369401045818,0.3524683377915416,0.823973317839846,0.8801098500351043,0.8230372022144574,0.8445370240794272,0.7965735663549732,0.49770512611472034,0.23000847401876187,0.4901143605605543,0.72608176820938,0.977278838465357,0.7802313855338137,1.0,0.9640749471549452
2024-01-11,0.6852746058708877,0.6822098165054321,0.5645339931184308,0.4918980935188712,0.4617151554344527,0.5368070143213145,0.5577670414629436,0.41345366352231677,0.5707913966768814,0.349155019676183,0.43886723426723706,0.3290486605543576,0.8106049387295544,0.8534555177248722,0.7931148531791388,0.8299565378053936,0.7762898092291585,0.4681775162386531,0.21721835431001005,0.44413839746438133,0.7390733302039002,0.9810960175067317,0.7776744352867155,1.0,0.9716745128828204
2024-01-12,0.6922960206215887,0.7028938531223258,0.5545401698801999,0.45369580439558455,0.42921199953250955,0.5035627369991521,0.5535769699247822,0.4078954863193016,0.535363263475587,0.2878482070915454,0.385317403678548,0.3105436077339846,0.8038122502564868,0.8408273521170152,0.7805107652278064,0.812229884553917,0.7620418331583223,0.47294375324068055,0.23648041772353276,0.4477556229081286,0.7361200898746526,0.9804935182277973,0.7749558804243168,1.0,0.9728575424065224
2024-01-17,0.7356072608946949,0.7362629464711196,0.6287634475332461,0.5509740915239779,0.49448848365036024,0.6112960933557461,0.6008718475745719,0.4640527597525346,0.6041801847982424,0.2669082829841479,0.3863931691591529,0.24578999871618082,0.8400527938944085,0.8788183971340694,0.7973008365942373,0.8532884791651882,0.7709103124504983,0.43850994055841497,0.24573170254099036,0.43372162861234165,0.7348770315017124,0.9859662093748774,0.7557853698985544,1.0,0.9742284161719184
2024-01-18,0.7066635489228412,0.7061735960992221,0.5979798368927426,0.5322877457422364,0.47378995277799096,0.5925319805030387,0.5916599657888475,0.447852648918346,0.5856588023094856,0.28022084255600466,0.40208550798445103,0.2599964217907638,0.8426467183011291,0.8856130727387959,0.8049509487343441,0.8652039581581318,0.7884170863323204,0.4484798304149594,0.2647103473665109,0.44225254443370815,0.7307163154781646,0.9776985517177383,0.7594110743296125,1.0,0.9647990519812495
2024-01-19,0.6928835736979205,0.6916169751712868,0.5972135751039442,0.5352169490437504,0.47771410622051824,0.5875282552892191,0.5936771012891928,0.45208544733313194,0.5895860420467113,0.30750232945483935,0.40991665526562043,0.27034643347669574,0.8441560343023785,0.8912836406016662,0.8086253455639131,0.8656692606467311,0.7907755226028973,0.45260627995835934,0.26132127147862744,0.44927211993906285,0.7297808698641006,0.9728647842501333,0.7618409436507365,1.0,0.9618520031378668
2024-01-24,0.6983147225670819,0.6983269305177936,0.6008313194615688,0.546296884991201,0.48616634986030366,0.5940532868022902,0.5989512978352629,0.4557647121737695,0.5731531441874902,0.3179770896761946,0.4277161745992569,0.29276825082544616,0.8456178679649426,0.8945405274407029,0.8072812398814679,0.8778849069614464,0.8074476637062965,0.44637317089012096,0.2699830970003004,0.4352406762398798,0.7268075798574248,0.9657313055501986,0.7585810402783708,1.0,0.9549587262453951
2024-01-25,0.661888052419819,0.670383001114627,0.5029173072920583,0.46995053456126623,0.4257390063586113,0.6051175626998837,0.5750313314997484,0.4366492409417442,0.5627731443857905,0.2909429506635523,0.3920748158106299,0.2978767334296984,0.8387574840596576,0.8809150909420731,0.7951404996067869,0.8717944755388819,0.8453180673780303,0.44230083567816747,0.26584955751602607,0.45916203905581615,0.7290994637530781,0.9680452674471288,0.7601102914006664,1.0,0.9612416104068214
2024-01-30,0.660793376619652,0.6670393401825012,0.5070932605098342,0.4770719313331423,0.4264382681774795,0.6046962025847626,0.5914995265017519,0.44991742215837033,0.5682288681849288,0.26506972567362475,0.370472204861337,0.2612530724806167,0.8447815303381754,0.8859302012061739,0.8040063036320398,0.8792844262156396,0.8757844171476331,0.47424244693331497,0.28143722028544516,0.464934907526124,0.7290639693309867,0.9671488904627992,0.756661960227293,1.0,0.9609326818887869
2024-01-31,0.6643837117202751,0.6735794153310308,0.5017728903033127,0.4755082099625788,0.40621193169529723,0.563517712266823,0.5655428087815326,0.4377176808557163,0.5425632401097862,0.21622122543921066,0.35317768572533986,0.28295871095657016,0.8375673616912549,0.8851925652923571,0.807407048616646,0.8789185200788707,0.8805822489426457,0.4774291127299624,0.2846772702329455,0.4737668463226213,0.7309631540465394,0.9663500837066785,0.7557336170545209,1.0,0.9581833872224519
2024-02-01,0.6406093824376856,0.6523797963426036,0.4917603089818248,0.4592089611229351,0.41806599250382,0.5615356147477215,0.5685085379935028,0.43204684578493024,0.533962356362559,0.2085237158391093,0.3430338401674691,0.2392211192174801,0.8401548846763081,0.8821411692618532,0.8064246254136379,0.874219890552662,0.8798186462230828,0.5135619383830293,0.3162761951941203,0.48054429957396627,0.7353239609740162,0.9658334279639835,0.7638208742811748,1.0,0.9615443587950141
2024-02-02,0.7681522253685706,0.7354042538087207,0.624114015519197,0.673608736243318,0.4857815186605035,0.7577660905463699,0.7685429762465895,0.7877650070424771,0.5130834663001037,0.6033883604357021,0.6207939593100222,0.2463830612077199,0.7762934284303258,0.723348314607739,0.7161730726257489,0.6743194816112319,0.7605822779313798,0.5985563863799498,0.4018300228173729,0.49792701268178724,0.7102083566925534,0.9556518498680299,0.7677112780707388,1.0,0.9409989791948079
2024-02-06,0.765005819094177,0.7324648227510815,0.635880498872576,0.6676571607892849,0.49768733471390886,0.7417236579378951,0.7195343724056728,0.714075555165648,0.5054127177779962,0.5937228333456511,0.624116640974752,0.23854325879630614,0.7669651318485062,0.7104774583087997,0.7066632861963944,0.6982736203542717,0.7485647117414177,0.6151391069992355,0.4554496910811413,0.5172804709453719,0.6609456960473791,0.9091589862100592,0.8052733180581645,1.0,0.8971025163077341
2024-02-07,0.5812942365974688,0.5664244808288693,0.3787707275149143,0.36451993894368867,0.23821241729469325,0.47063875589082016,0.4464205899442246,0.32264421077677113,0.37209749751334137,0.1674042114107721,0.22050967522682532,0.16582146684590612,0.7363659290981173,0.7343893897323363,0.7066397746770009,0.693733203325083,0.7006209179516912,0.6170023120731515,0.4709876011613649,0.5177455375176719,0.6414686781460884,0.903762947524647,0.8159957538868247,1.0,0.9048062499901615
2024-02-08,0.5822805456456639,0.5700266914495111,0.39251851320645953,0.36985549068306217,0.25958120866685674,0.45628268931541544,0.4448927565347535,0.3215321329572119,0.37216270238522525,0.17316473431572524,0.2218309821755469,0.15610145838143388,0.7360819498792395,0.7327613882302493,0.703902020483935,0.6925553957233952,0.6995169205511516,0.6151937190876288,0.4719239829622353,0.5181764182427736,0.6369112898022111,0.8966974695994745,0.8169008657531817,1.0,0.897899871458248
2024-02-09,0.5720448766241485,0.5643934014102173,0.377786921555728,0.34540464931563786,0.2543913547466263,0.4523188074652398,0.45424934846002873,0.33136731166052386,0.324604138945062,0.1482117780341967,0.20718035188627293,0.16028492523293533,0.7351745129104027,0.7206564064563552,0.7000881466752713,0.6873227463280985,0.6953666967826866,0.6124237630866859,0.469654211474088,0.5148941209126086,0.6847125617326593,0.8911453893051534,0.8110435837860971,1.0,0.8976424843698455
2024-02-14,0.5564616596089412,0.551933077128173,0.3830054941659553,0.3476253701427641,0.23239192649488796,0.45048751063019143,0.48230828907846957,0.35487855376182337,0.26703184708322636,0.13517848562338425,0.21191369529974036,0.11781466987419646,0.7347205886064523,0.7245710760259506,0.6932918672956919,0.6755111578419437,0.6925061129991154,0.5876840151801727,0.39227731349509054,0.49989370006979855,0.6805095810705306,0.8795110597496855,0.7918362445570324,1.0,0.8815673140723015
2024-02-15,0.7990715346077967,0.7589015584686445,0.6589140942580968,0.6608513198632032,0.5114427170567025,0.7198932738662984,0.7072123517710848,0.6920877157980829,0.4817197904503214,0.5852117097305121,0.5602859406534851,0.26562761750872776,0.7535594613471541,0.7054838936714629,0.7047892289252575,0.6947745701620929,0.7418975528178694,0.6265630329769145,0.5050014525187485,0.5204223737238092,0.6793379729977952,0.9055030608846784,0.810583217786076,1.0,0.9011303925826465
2024-02-16,0.7769953028048311,0.7314525224197549,0.6885139265862249,0.6817266412545308,0.5227183453131568,0.7502171791916443,0.7221210037404461,0.6924987731259401,0.48193459504251573,0.6037580214355316,0.5932658275136756,0.28979329638432294,0.7679052485528848,0.7101106808527794,0.7133758811749275,0.7056310690627317,0.7413456832984993,0.6118293730710088,0.494558550949218,0.5071693397271557,0.6675101356463016,0.9030844472125594,0.8064360561200169,1.0,0.8973446844959426
2024-02-21,0.7818386532617404,0.7404975939812463,0.6876446910087952,0.6903476862109492,0.5201053606104931,0.7436347964977713,0.7354335787741635,0.7089812617148267,0.4826046272340037,0.598971112791063,0.5897653649170579,0.2888878908254692,0.7596614998335577,0.7069530611424966,0.6733774305571929,0.6951884487603143,0.7353818927937736,0.5894911976155103,0.4942845676426637,0.49415617734985984,0.6615659721685175,0.9053978839461054,0.8062947266476045,1.0,0.9018203454611742
2024-02-22,0.7901228944532618,0.7560247403797532,0.6793107888086188,0.6802048593654055,0.576682406821723,0.7407286491695756,0.7338955903977649,0.7217945525772049,0.4334068703793474,0.5335495315253708,0.5375083049289385,0.2798762728832528,0.7573985311455318,0.7043652371032607,0.6846731850043379,0.6950595871926214,0.7271863608323428,0.5691854467423801,0.47031541626820805,0.5031002712344067,0.6590139087922002,0.8940685599141583,0.7926686088863087,1.0,0.8934763117292377
2024-02-27,0.7179252260794741,0.6846611882920682,0.632958931694868,0.6122599475101468,0.5478803274186644,0.7202599507224761,0.7379004075238751,0.7157447863918222,0.42326518080837405,0.5296579346807595,0.5291350500619366,0.21376537144070143,0.7492218044232803,0.6937753179247954,0.6394548216842803,0.6838508946332916,0.7045601245853091,0.5524022551650485,0.37994232317530663,0.47445411265440873,0.6561616688268849,0.8780379646676565,0.7860694592571349,1.0,0.8826934411502927
2024-02-28,0.7498239652227592,0.7166620613217664,0.6383561889917186,0.6176246534686327,0.5323257759410497,0.7214059315376501,0.7283177172500582,0.7061112369383168,0.4505288712433566,0.5307481548767649,0.5231037376895693,0.23520658473008663,0.7717837683283365,0.7087665741379245,0.6653146615280638,0.667607339802379,0.7419621775696805,0.5479703432586449,0.4085993671937198,0.4553664297097355,0.646115132143651,0.8810997919914206,0.7865965839978272,1.0,0.8939887482389285
2024-02-29,0.7611414153502764,0.7275507918538333,0.6502155302631528,0.6198423284063344,0.528440684923169,0.7264278509538766,0.7238511667580177,0.6998743473110446,0.4539338144520361,0.5190544291431833,0.5146096986138189,0.2309479458576176,0.7687406140772689,0.7110301740560138,0.6566332075706423,0.6703199665617487,0.7494707755447967,0.5053792918835708,0.41076368574102495,0.46081467245287877,0.6525920895836868,0.8847296265411229,0.7911492892007888,1.0,0.9014804890331855
2024-03-01,0.7779297825730007,0.7386326085362648,0.6693933129951826,0.6507358173337855,0.5532525919452143,0.7307786273681723,0.7214611912540319,0.7054804415390596,0.5250137404360925,0.5791185632232164,0.5497331633758064,0.3062359013784796,0.7691785205971564,0.7212228664344018,0.6544255035129619,0.6822440693519238,0.7460614964167258,0.516383931762264,0.4923217028543421,0.5201101964982736,0.6611872896886648,0.9013854259946866,0.8026844897323857,1.0,0.9153664868935565
2024-03-05,0.8117094854597575,0.7731192665189814,0.6983353217327507,0.6883600605906998,0.5727497716411744,0.7516305315745234,0.7548728193754652,0.7369561616512018,0.5619827807411405,0.5958825116254288,0.56875496060854,0.34442637452888275,0.8073455617257288,0.7564431960698683,0.7027579019451925,0.7327721792592878,0.783254036111438,0.5666171518747525,0.5241301424489815,0.5538580777902364,0.6656537919211485,0.9091609286177402,0.8189059925059001,1.0,0.9278053205688548
2024-03-06,0.8092958945804467,0.7694903223223577,0.6988233533457264,0.7111856040598875,0.5732107131888525,0.7513277055493047,0.7524632958931751,0.7350786448593786,0.5721539995251055,0.6034499108975867,0.6081718268885689,0.3673779746459843,0.8099750882290212,0.7902304780336344,0.7184552869674191,0.7301834948964194,0.7838899110530209,0.5702929531068248,0.4650557248389213,0.5140978784609488,0.6988562104611635,0.9139973897658973,0.8146877127366242,1.0,0.9230692933186929
2024-03-07,0.8425904362417157,0.7970500362148323,0.7188672498166438,0.7400976686327173,0.5870304961746129,0.7909053153332634,0.8011917717183092,0.7860143536002437,0.5103553325277412,0.6734155557642217,0.6551583044781252,0.39864786109960254,0.8193095674578246,0.801189641542211,0.7168512284868089,0.6944382288692051,0.8465488840228802,0.5423963716979029,0.5136228124836868,0.5301386699512839,0.7859730377490368,1.0,0.8788260462881782,0.9970487862055619,0.983453777121227
2024-03-12,0.9300155293382111,0.8811756761720557,0.740694948053287,0.8082799818797048,0.5947567690422085,0.8183215645665743,0.828273711581857,0.8157323195117724,0.5924947536828653,0.7201552932272658,0.700916845477556,0.37461339310662817,0.855587189840017,0.8666002438470283,0.7504532775840324,0.7238697913691771,0.8508765173241193,0.40322144451102127,0.2347003120087567,0.3127666820204361,0.7360149456053231,1.0,0.8433938474615593,0.9078014174539731,0.975296111187546
2024-03-13,0.9086876163494242,0.8637893413740398,0.7287757241731011,0.788800189686965,0.5791544524058511,0.8230911604021364,0.7945680382152505,0.7952253887660992,0.5633853676494133,0.6809577625015715,0.6661419556568458,0.37441341253310495,0.830885721909598,0.8421915808235163,0.756710341975717,0.7007088731729775,0.8115659400268236,0.38654355292218123,0.2485223380473738,0.30365177318094616,0.7375206586365127,1.0,0.8405836644148043,0.888407632843176,0.9756012403027844
2024-03-14,0.9102000227243764,0.8642511051324081,0.740102115277597,0.7834176868315075,0.5821176020441761,0.8249181249119018,0.8016682315719231,0.7967235398430421,0.5575399161786307,0.6688011636470323,0.625128763345576,0.4211550887581341,0.8475432338187968,0.8315465126604131,0.753698415497223,0.7055812526599485,0.802861993283866,0.41810808280897765,0.26341158722955094,0.34506167862175596,0.7315844120663263,1.0,0.8456654767955224,0.8864060358558981,0.975679146609601
2024-03-15,0.8887222404215461,0.8439527373963333,0.7118453455441716,0.7828922808523351,0.5738458112852699,0.8213425263109413,0.8109173514287397,0.8048194691290071,0.5773776435020994,0.6574862573040198,0.6154293132243625,0.4291451953383427,0.8119162290033524,0.7941329770652816,0.7469770694826358,0.6765010256158344,0.7773732320761457,0.37071356071017986,0.22202159102155242,0.3432751474057447,0.7046627810363966,1.0,0.8482342900004765,0.9123369854253381,0.9857083422381089
2024-03-19,0.9142018109611068,0.879382449294065,0.7273762222839457,0.7982654740674979,0.6063853866006467,0.7828592734179939,0.7831540782792767,0.7824211423328379,0.5701667184390178,0.5976564931013015,0.5861957254097186,0.43506405095974077,0.8101513704336979,0.8167861630830768,0.7612542983356595,0.7316831410268909,0.8174133567995431,0.3585891283248095,0.33686193439171563,0.3519815923006578,0.6996724243989626,1.0,0.8646658588758024,0.9624976904381877,0.9980732481579134
2024-03-22,0.9285822510477654,0.8871673537898238,0.735671021745549,0.8011502331138304,0.6102073814479294,0.7942658591470911,0.7612166787636394,0.7685802562078639,0.5875194099171527,0.6026917150082626,0.6003446034594205,0.4540151970268963,0.8079405234004936,0.8085787549950948,0.7555877872098793,0.7340970253668787,0.8311893032027801,0.356999038853283,0.352773068128858,0.3558429505913529,0.6923679539718101,1.0,0.8625822504481733,0.9764132546370405,0.9981452106660348
2024-03-27,0.9145901433926915,0.8822214598706231,0.7292544173211603,0.8026015128004537,0.587208135404534,0.82479984075907,0.7409317120895645,0.7399537372930323,0.5855928400013357,0.6493666188992808,0.6174454987496315,0.462497281932734,0.8111540355194893,0.8047246887660757,0.7547131242457377,0.7227504846137097,0.8155054911143206,0.3366060914499673,0.3243506350241739,0.3382769581462941,0.7127575778658896,1.0,0.8601563013035898,0.9574120490186625,0.9958416465322127
