Leading_Singular_Value_TradFi,Normalized_Leading_SV_TradFi,Normalized_SV_Energy_TradFi,Network_Strength_TradFi,Systemic_Mode_Score_TradFi,Maximum_Absolute_Correlation_TradFi,Date,Model_TradFi,Leading_Singular_Value_TradFi_DeFi,Normalized_Leading_SV_TradFi_DeFi,Normalized_SV_Energy_TradFi_DeFi,Network_Strength_TradFi_DeFi,Systemic_Mode_Score_TradFi_DeFi,Maximum_Absolute_Correlation_TradFi_DeFi,Model_TradFi_DeFi,Normalized_SV_Change,Normalized_SV_Energy_Change,Network_Strength_Change,Systemic_Mode_Change,Maximum_Correlation_Change
2.610295950438434,0.23729963185803946,0.3767309340028716,0.1844431903274199,0.2488960711182283,0.8184115811535466,2021-08-03,TradFi Only,4.585424389345739,0.19105934955607248,0.3800835872971183,0.15904465822098124,0.15188636472986727,0.8184115811535466,TradFi + DeFi,-0.04624028230196697,0.003352653294246666,-0.025398532106438665,-0.09700970638836104,0.0
2.607669503754214,0.2370608639776558,0.3763354347828061,0.18377242261051457,0.2501043898697975,0.8174676285980461,2021-08-04,TradFi Only,4.644487653583877,0.1935203188993282,0.38660200662657673,0.16077201373682595,0.1526358491014329,0.8174676285980461,TradFi + DeFi,-0.04354054507832761,0.010266571843770611,-0.02300040887368862,-0.09746854076836459,0.0
2.710231582079862,0.24638468927998744,0.3958381927193807,0.1942461449294668,0.2530254780198948,0.826867013264107,2021-08-05,TradFi Only,4.6477257497265905,0.19365523957194128,0.38326950368782553,0.16303044274060702,0.15287038703524247,0.826867013264107,TradFi + DeFi,-0.05272944970804616,-0.01256868903155517,-0.031215702188859773,-0.1001550909846523,0.0
2.6942563336902445,0.2449323939718404,0.39148789928514777,0.19241794148378566,0.24825099431937944,0.833539702389444,2021-08-06,TradFi Only,4.625483425773383,0.19272847607389096,0.37908088542753177,0.16256425888524206,0.15208757455957603,0.833539702389444,TradFi + DeFi,-0.05220391789794945,-0.012407013857616,-0.029853682598543596,-0.09616341975980341,0.0
2.7959901559017175,0.2541809232637925,0.42661959644948294,0.1927639582863287,0.2629941879184959,0.8071737412991109,2021-08-11,TradFi Only,4.627331169984201,0.19280546541600838,0.3823169589077386,0.16230178547992047,0.1551467575312231,0.8187133080682236,TradFi + DeFi,-0.061375457847784115,-0.04430263754174435,-0.030462172806408228,-0.10784743038727279,0.011539566769112719
2.782882723204835,0.2529893384731668,0.4240319711773235,0.19091072133305212,0.2624483431958343,0.8043931242079905,2021-08-12,TradFi Only,4.627465766869367,0.19281107361955696,0.38173207672590764,0.1627245265042303,0.1551674912530293,0.8182343303080839,TradFi + DeFi,-0.06017826485360983,-0.042299894451415854,-0.028186194828821814,-0.10728085194280501,0.013841206100093428
2.78695998694591,0.25335999881326454,0.426171721034871,0.19026150818497634,0.26207716695489097,0.8101183479920222,2021-08-13,TradFi Only,4.7237010814784455,0.19682087839493523,0.3938799723940919,0.16396127828747395,0.15680753654825347,0.8239586010584318,TradFi + DeFi,-0.056539120418329314,-0.032291748640779105,-0.026300229897502386,-0.1052696304066375,0.013840253066409569
2.7336051499192044,0.24850955908356404,0.41408808558754223,0.18608445429010964,0.26340557046844615,0.8091612044828416,2021-08-17,TradFi Only,4.683338234155201,0.19513909308980004,0.38853485859515274,0.16308815832270446,0.1547018792928062,0.8257023878495342,TradFi + DeFi,-0.053370465993763994,-0.02555322699238949,-0.022996295967405184,-0.10870369117563994,0.016541183366692636
2.694204470131007,0.24492767910281882,0.4054097129326238,0.18213226904323315,0.25963449776826886,0.8076194900192384,2021-08-18,TradFi Only,4.674823470167142,0.19478431125696424,0.3867235614195474,0.16320360886907062,0.15450391335079797,0.8264554281365524,TradFi + DeFi,-0.050143367845854575,-0.0186861515130764,-0.01892866017416253,-0.10513058441747089,0.01883593811731399
2.736420278628105,0.24876547987528227,0.41477155700464574,0.1851495075107723,0.2643743499816487,0.8069796710915638,2021-08-24,TradFi Only,4.681976186190173,0.19508234109125722,0.3872510275416677,0.1633389875978793,0.1573632732882575,0.8089491480512447,TradFi + DeFi,-0.05368313878402506,-0.02752052946297806,-0.02181051991289301,-0.10701107669339122,0.0019694769596809714
2.738564669934082,0.24896042453946202,0.4156984038317608,0.18530134565518624,0.2667590084002007,0.8039119526009934,2021-08-25,TradFi Only,4.6820999291167755,0.1950874970465323,0.38649434312992825,0.16353871659249927,0.15786252499656236,0.8296654617053555,TradFi + DeFi,-0.05387292749292971,-0.029204060701832568,-0.021762629062686972,-0.10889648340363836,0.025753509104362138
2.736007265588399,0.248727933235309,0.41500690273762236,0.18676513983027662,0.26353708499360723,0.8090440079144442,2021-08-26,TradFi Only,4.707031584564012,0.1961263160235005,0.39059678426395467,0.16437227966836385,0.1584420526403675,0.8274118162208948,TradFi + DeFi,-0.052601617211808505,-0.024410118473667697,-0.022392860161912775,-0.10509503235323972,0.018367808306450573
2.75938536744158,0.2508532152219618,0.42328906602501704,0.18869769187737653,0.26781233637299795,0.8175976093759236,2021-08-27,TradFi Only,4.815387152703489,0.2006411313626454,0.4054553437170711,0.16698040830516087,0.16103592003599648,0.8279451406932,TradFi + DeFi,-0.050212083859316414,-0.017833722307945943,-0.021717283572215668,-0.10677641633700147,0.010347531317276393
2.8797251641435238,0.26179319674032037,0.4559205721408476,0.19460184367432323,0.27021782963774316,0.8370084769075016,2021-09-01,TradFi Only,4.831418118835643,0.20130908828481844,0.4054615065620829,0.16937271317163333,0.1604133010309656,0.8370084769075016,TradFi + DeFi,-0.06048410845550192,-0.05045906557876467,-0.025229130502689906,-0.10980452860677756,0.0
2.8719201809327957,0.26108365281207235,0.4538484442821707,0.19372233052530569,0.2711792646201603,0.8372108499917781,2021-09-02,TradFi Only,4.795781122581266,0.19982421344088608,0.3987723119650893,0.1679999696374645,0.1613185826463918,0.8495535530966224,TradFi + DeFi,-0.061259439371186275,-0.05507613231708142,-0.02572236088784119,-0.1098606819737685,0.01234270310484431
2.8998450161693072,0.26362227419720974,0.45917153522008214,0.19731811153428092,0.27320766459786144,0.8475064858835444,2021-09-03,TradFi Only,4.8317933513450315,0.20132472297270965,0.4028805767244926,0.1696169052932861,0.16123423860040956,0.8477834231495174,TradFi + DeFi,-0.06229755122450009,-0.056290958495589516,-0.027701206240994813,-0.11197342599745189,0.0002769372659729985
2.9068714002078684,0.2642610363825335,0.4610002245088703,0.19768900695356376,0.27474861881795465,0.8454493431729847,2021-09-08,TradFi Only,4.787004907462053,0.19945853781091885,0.39325419569359404,0.1680756680513439,0.159317531086986,0.8560801817151098,TradFi + DeFi,-0.06480249857161466,-0.06774602881527625,-0.029613338902219843,-0.11543108773096866,0.010630838542125098
2.8994423272746523,0.26358566611587747,0.459602978369083,0.19697048638824238,0.2751247197112947,0.8461107762058979,2021-09-09,TradFi Only,4.799259554438938,0.1999691481016224,0.39536941244515944,0.16722380744373094,0.15980138731384844,0.8507300917028586,TradFi + DeFi,-0.06361651801425508,-0.06423356592392354,-0.02974667894451144,-0.11532333239744627,0.0046193154969607075
2.9009903490497955,0.2637263953681632,0.4618186317276367,0.19681228799447498,0.27491624143293614,0.8469929211675208,2021-09-14,TradFi Only,4.7874042877152,0.1994751786548,0.3950073944954122,0.16729080109942415,0.16054878941167697,0.8519087619490013,TradFi + DeFi,-0.06425121671336323,-0.06681123723222449,-0.029521486895050825,-0.11436745202125917,0.004915840781480552
2.857818486749057,0.25980168061355063,0.4516982158305628,0.19389934308560045,0.27280491229913334,0.8560382029598008,2021-09-15,TradFi Only,4.809196400979695,0.20038318337415395,0.3979403462379769,0.16761122028420428,0.15955456437253976,0.8560382029598008,TradFi + DeFi,-0.059418497239396684,-0.05375786959258588,-0.02628812280139617,-0.11325034792659358,0.0
2.8042070816842157,0.2549279165167469,0.43756670458587554,0.1895275316336249,0.270989570839743,0.8657572904918059,2021-09-16,TradFi Only,4.845025693114525,0.20187607054643852,0.4026387728599049,0.16779245255580874,0.160829893122194,0.8657572904918059,TradFi + DeFi,-0.053051845970308376,-0.03492793172597064,-0.02173507907781616,-0.110159677717549,0.0
2.849819639434429,0.2590745126758572,0.45019038029202557,0.19012206259737588,0.2729464924234228,0.8636675379178289,2021-09-17,TradFi Only,4.9208523129270825,0.20503551303862844,0.41054086709493504,0.1711672655550626,0.16338101450602802,0.8636675379178289,TradFi + DeFi,-0.054038999637228746,-0.039649513197090536,-0.018954797042313287,-0.10956547791739477,0.0
2.89286174076945,0.2629874309790409,0.46188758353112885,0.192618534110665,0.2755070080659702,0.8664218695717216,2021-09-22,TradFi Only,5.020269586692316,0.20917789944551315,0.423797724760201,0.17283295508484697,0.16274661376149252,0.8664218695717216,TradFi + DeFi,-0.05380953153352777,-0.038089858770927854,-0.01978557902581804,-0.1127603943044777,0.0
2.637678953776032,0.2397889957978211,0.40100818370723573,0.1784036857868866,0.2653178460563374,0.8611967499642338,2021-09-28,TradFi Only,5.0177972271048965,0.20907488446270403,0.43157241564963544,0.16690054226926324,0.16173784504822233,0.8611967499642338,TradFi + DeFi,-0.03071411133511706,0.03056423194239971,-0.011503143517623354,-0.10358000100811507,0.0
2.6140849410797573,0.23764408555270522,0.3951785152065221,0.17997789677683193,0.27065757620883185,0.8520734975762857,2021-09-29,TradFi Only,4.9849763548175865,0.20770734811739944,0.4278813032686403,0.1661550201925673,0.1613357225270409,0.8524503753456479,TradFi + DeFi,-0.029936737435305782,0.03270278806211824,-0.01382287658426462,-0.10932185368179095,0.00037687776936223827
2.6088780971219063,0.2371707361019915,0.39135657842994565,0.17849706944146781,0.26920588132152745,0.8542068924370572,2021-09-30,TradFi Only,5.015322854694663,0.2089717856122776,0.4310439838604008,0.16664685923694583,0.16297264691232918,0.8559625206833816,TradFi + DeFi,-0.02819895048971388,0.03968740543045518,-0.011850210204521983,-0.10623323440919827,0.00175562824632447
2.562585104583743,0.23296228223488571,0.379434317498091,0.17763156399378113,0.2684961119249889,0.8498433279724337,2021-10-01,TradFi Only,4.9929019357018385,0.20803758065424327,0.4270296615488862,0.16468586101169516,0.15802119766488879,0.8558748467760763,TradFi + DeFi,-0.024924701580642444,0.04759534405079524,-0.012945702982085971,-0.11047491426010012,0.00603151880364261
2.5664001424296217,0.23330910385723833,0.3806651456567987,0.1750129686194365,0.26835582214914094,0.8492113898707131,2021-10-05,TradFi Only,5.008973211719039,0.20870721715495996,0.42972059371010574,0.16468872956945932,0.15825230306359736,0.8571515460293393,TradFi + DeFi,-0.024601886702278364,0.04905544805330703,-0.010324239049977174,-0.11010351908554358,0.0079401561586262
2.569224974956894,0.2335659068142631,0.38089011975391895,0.17485799397526203,0.2723147912198714,0.8445206373263613,2021-10-06,TradFi Only,4.962510476320628,0.20677126984669283,0.4233809999139723,0.1630102596732035,0.15961635022099954,0.8559018034984696,TradFi + DeFi,-0.026794636967570257,0.04249088016005337,-0.011847734302058516,-0.11269844099887186,0.01138116617210827
2.5836667979945913,0.2348787998176901,0.38346162511007464,0.17598000571323186,0.26851192214246394,0.8433105718349787,2021-10-07,TradFi Only,4.959664696242433,0.20665269567676803,0.42270044607120466,0.16273597987497493,0.15904614061555056,0.8569364600403498,TradFi + DeFi,-0.02822610414092208,0.039238820961130016,-0.013244025838256929,-0.10946578152691339,0.01362588820537114
2.5903929131378653,0.23549026483071503,0.385179341477765,0.17614068083522397,0.26956362344069756,0.844143070037483,2021-10-08,TradFi Only,4.953698315303369,0.2064040964709737,0.4223644596511956,0.16216639474525468,0.15830841391685563,0.8578265473325614,TradFi + DeFi,-0.029086168359741316,0.03718511817343062,-0.013974286089969284,-0.11125520952384194,0.01368347729507835
2.5970681988734,0.23609710898849093,0.38685899488142395,0.17560604745562983,0.2691560944654977,0.8437143531513732,2021-10-12,TradFi Only,4.9630871131879895,0.2067952963828329,0.42243040822688444,0.16339365435577666,0.1587644138636403,0.8545075649675453,TradFi + DeFi,-0.029301812605658034,0.03557141334546049,-0.01221239309985317,-0.11039168060185742,0.010793211816172099
2.7022439743033453,0.24565854311848592,0.412299842706228,0.17673149752105463,0.2684717763825794,0.8487248738426052,2021-10-13,TradFi Only,4.989450816435354,0.20789378401813974,0.42345231241426967,0.16430358694338965,0.15922341753957092,0.8625062604035132,TradFi + DeFi,-0.037764759100346185,0.011152469708041679,-0.012427910577664986,-0.10924835884300849,0.013781386560907993
2.829706712307319,0.25724606475521083,0.4402930490799261,0.18641188496229547,0.27298910780466235,0.848420409196857,2021-10-14,TradFi Only,4.999796961590443,0.2083248733996018,0.4202400727168457,0.16682161192017567,0.1584538965055736,0.8631584562926528,TradFi + DeFi,-0.048921191355609045,-0.0200529763630804,-0.0195902730421198,-0.11453521129908875,0.014738047095795737
2.8352737884427754,0.2577521625857069,0.44335599977633683,0.1865674032199613,0.2751908569737575,0.8403715222286245,2021-10-19,TradFi Only,4.987816477069714,0.20782568654457143,0.41912802432191515,0.1660917438714296,0.1580093944012512,0.8622017166301238,TradFi + DeFi,-0.049926476041135454,-0.02422797545442168,-0.020475659348531683,-0.1171814625725063,0.021830194401499248
2.8282763133836504,0.2571160284894228,0.4448781737626643,0.18595901320819147,0.2715957236177738,0.8416918032992662,2021-10-20,TradFi Only,4.992878886284512,0.20803662026185465,0.4214694179294535,0.16619662970727528,0.15848651526001176,0.8608110552675629,TradFi + DeFi,-0.04907940822756812,-0.02340875583321078,-0.019762383500916192,-0.11310920835776203,0.01911925196829667
2.831561633642028,0.2574146939674571,0.4454327753159337,0.18542626936191203,0.2703022029629436,0.84117315032339,2021-10-21,TradFi Only,4.975299986891519,0.20730416612047997,0.4204393096928341,0.16472889572880836,0.16332353596148896,0.8633310813986825,TradFi + DeFi,-0.050110527846977115,-0.02499346562309962,-0.02069737363310367,-0.10697866700145464,0.022157931075292514
2.7777023004076717,0.25251839094615197,0.4336715054610958,0.18181194644736023,0.2689871740403962,0.8421175626596583,2021-10-22,TradFi Only,4.898664165714978,0.20411100690479075,0.41095820240570613,0.16253640337215264,0.16174864192289112,0.8582173537478586,TradFi + DeFi,-0.04840738404136122,-0.022713303055389655,-0.019275543075207596,-0.10723853211750506,0.016099791088200255
2.7964940591914527,0.25422673265376844,0.4375043467788271,0.18267636184604014,0.26813804709358774,0.8434028089046937,2021-10-26,TradFi Only,4.885488122205786,0.20356200509190778,0.4079806959683763,0.16261941011453837,0.1616015892216617,0.8612499134855837,TradFi + DeFi,-0.05066472756186066,-0.02952365081045083,-0.020056951731501765,-0.10653645787192603,0.017847104580890005
2.7533058291659316,0.2503005299241756,0.42636046205368855,0.1797730247060547,0.2691933528852351,0.8428537720941722,2021-10-27,TradFi Only,4.9301183754132545,0.20542159897555226,0.41180638225599164,0.16377954060843644,0.1620582532003639,0.8627305235319453,TradFi + DeFi,-0.04487893094862336,-0.014554079797696906,-0.01599348409761825,-0.1071350996848712,0.01987675143777312
2.7142243064920986,0.24674766422655442,0.41466990014540084,0.1777358603282959,0.2701234791011889,0.8425134678646611,2021-10-28,TradFi Only,4.939115152747645,0.20579646469781854,0.41252155423986947,0.16418768573863785,0.16324075620900483,0.8627610573794786,TradFi + DeFi,-0.04095119952873588,-0.002148345905531368,-0.013548174589658069,-0.10688272289218406,0.020247589514817532
2.687838479863218,0.24434895271483803,0.4094039483153509,0.1742710138910909,0.268459736430347,0.8385889555611269,2021-10-29,TradFi Only,4.855872240112501,0.20232801000468756,0.40131872375618444,0.16133929483967718,0.15729191820938085,0.8705668328560547,TradFi + DeFi,-0.04202094271015047,-0.008085224559166437,-0.012931719051413715,-0.11116781822096614,0.03197787729492785
2.673369155760199,0.24303355961456355,0.40690452629675067,0.17348492646911257,0.26893966227228655,0.835317172488523,2021-11-02,TradFi Only,4.862089823274532,0.20258707596977218,0.40201086813050124,0.16086318303091088,0.15669115355112886,0.870335841145375,TradFi + DeFi,-0.040446483644791364,-0.004893658166249426,-0.012621743438201688,-0.11224850872115769,0.03501866865685199
2.641498059803878,0.24013618725489802,0.39962427858628957,0.17008802398954906,0.2638012882574042,0.8324435206818792,2021-11-09,TradFi Only,4.90595027107797,0.20441459462824874,0.4074455359980053,0.16135788241961993,0.15747881183156923,0.8720280431786919,TradFi + DeFi,-0.035721592626649284,0.007821257411715743,-0.008730141569929128,-0.10632247642583495,0.03958452249681266
2.5970543006689026,0.23609584551535479,0.3906401769296718,0.16680009402313664,0.2646893360787497,0.8341357075374661,2021-11-10,TradFi Only,4.922734414829137,0.20511393395121405,0.4104085046047444,0.1616054284435607,0.15684647730892995,0.8715866039254674,TradFi + DeFi,-0.030981911564140735,0.019768327675072583,-0.00519466557957593,-0.10784285876981978,0.037450896388001254
2.588011673748784,0.23527378852261674,0.3918382463023962,0.16356097905633282,0.28290893358049357,0.8357618820092769,2021-11-11,TradFi Only,5.012829156912419,0.20886788153801747,0.42088761044649087,0.1656617506321169,0.1587973713387304,0.8681432371594863,TradFi + DeFi,-0.02640590698459927,0.029049364144094647,0.0021007715757840884,-0.12411156224176317,0.032381355150209346
2.5808963587078706,0.23462694170071552,0.39078267644640663,0.16265927723268542,0.282227904718006,0.8358214052167761,2021-11-12,TradFi Only,5.032125142426637,0.20967188093444322,0.42312857655464453,0.16587088532303168,0.15889820487311948,0.8698430752953998,TradFi + DeFi,-0.024955060766272297,0.0323459001082379,0.003211608090346263,-0.12332969984488654,0.03402167007862378
2.575875861561676,0.23417053286924328,0.3894007220802892,0.16329834334236076,0.2833397472620658,0.8369564332399589,2021-11-16,TradFi Only,5.061845962358459,0.21091024843160244,0.42684844220401086,0.16532778265658218,0.15782088446928874,0.8689301725097134,TradFi + DeFi,-0.023260284437640832,0.03744772012372166,0.0020294393142214207,-0.12551886279277705,0.03197373926975444
2.5813914352276734,0.23467194865706123,0.3907713621193404,0.16346477927002995,0.28397310324608077,0.8377099399233543,2021-11-17,TradFi Only,5.041345356300608,0.21005605651252535,0.42286607548512445,0.1657498496240448,0.1572395326769253,0.8734446436037149,TradFi + DeFi,-0.024615892144535884,0.03209471336578407,0.0022850703540148454,-0.12673357056915546,0.03573470368036058
2.5426456697083957,0.2311496063371269,0.3806268432901167,0.1597813606074197,0.282058375207457,0.8407522950314825,2021-11-18,TradFi Only,5.0295581111731025,0.20956492129887927,0.42145330550574145,0.16496646115539293,0.15857976092205764,0.8777571055392339,TradFi + DeFi,-0.02158468503824762,0.04082646221562475,0.00518510054797322,-0.12347861428539939,0.037004810507751396
2.5769646301230527,0.23426951182936842,0.38779830325557796,0.16176944540147803,0.2867353963018877,0.8408044707049471,2021-11-30,TradFi Only,5.06785297902686,0.21116054079278582,0.42561292828451536,0.16636410846606067,0.16048683908765557,0.8788112766434935,TradFi + DeFi,-0.023108971036582604,0.0378146250289374,0.004594663064582644,-0.12624855721423214,0.03800680593854633
2.5624108237493552,0.23294643852266866,0.3843650319046885,0.160090186402715,0.28700673614983946,0.827489405343065,2021-12-01,TradFi Only,5.0399022202552635,0.2099959258439693,0.4207057613286919,0.16568041290829488,0.15754214178425852,0.88076116239991,TradFi + DeFi,-0.022950512678699353,0.036340729424003404,0.005590226505579887,-0.12946459436558094,0.05327175705684495
2.549762895193631,0.23179662683578464,0.3829204175266006,0.15961458521312907,0.28547274837111986,0.8192566475500866,2021-12-02,TradFi Only,5.068707227060102,0.2111961344608376,0.4234546546865753,0.16673290929000653,0.1568589764591396,0.8796586454227953,TradFi + DeFi,-0.020600492374947044,0.04053423715997467,0.007118324076877458,-0.12861377191198026,0.06040199787270861
2.5542240366011466,0.2322021851455588,0.3832848248877844,0.16070010431035303,0.28852663997131117,0.8278911176998203,2021-12-03,TradFi Only,4.495945687142162,0.18733107029759008,0.3562427017193165,0.15572804827670098,0.1511282734584638,0.8890546508800554,TradFi + DeFi,-0.04487111484796871,-0.027042123168467935,-0.004972056033652056,-0.13739836651284737,0.06116353318023515
2.703577860780304,0.24577980552548218,0.419398904882076,0.17020432157609666,0.28744916462431463,0.8275306041320891,2021-12-07,TradFi Only,4.595995351210867,0.1914998063004528,0.37406581846594733,0.15588954225344806,0.1723224946663231,0.8681514420496067,TradFi + DeFi,-0.05427999922502938,-0.045333086416128654,-0.014314779322648602,-0.11512666995799153,0.04062083791751758
2.7020346311147954,0.24563951191952685,0.4202247465520888,0.1696672398734888,0.28725607151340027,0.8305366034554917,2021-12-08,TradFi Only,4.641076334149179,0.19337818058954914,0.3816919514270075,0.1561145795940696,0.17556213244215457,0.871351910802869,TradFi + DeFi,-0.052261331329977706,-0.03853279512508129,-0.013552660279419204,-0.1116939390712457,0.04081530734737726
2.692217890282386,0.24474708093476236,0.41900989184824616,0.16766742335343715,0.28590909160824657,0.8317263714854709,2021-12-09,TradFi Only,4.5908392751443055,0.1912849697976794,0.37415693745430395,0.15621811085881657,0.17453472170113749,0.8718506379966631,TradFi + DeFi,-0.05346211113708296,-0.04485295439394221,-0.011449312494620584,-0.11137436990710908,0.040124266511192164
2.685726295447148,0.24415693594974072,0.41789718401237097,0.16697446777528102,0.2856670683652004,0.8338711295908694,2021-12-10,TradFi Only,4.71593522728583,0.19649730113690958,0.3908010294763851,0.1581986091437249,0.17608933911675187,0.8800235283047371,TradFi + DeFi,-0.04765963481283114,-0.02709615453598585,-0.00877585863155611,-0.10957772924844852,0.04615239871386767
2.717954186681671,0.2470867442437883,0.4253867009363411,0.16917328101350154,0.2875752750513074,0.8356257629410979,2021-12-14,TradFi Only,4.788571118410649,0.19952379660044373,0.399339778870707,0.160308740909546,0.17916672749843032,0.8826893710888204,TradFi + DeFi,-0.047562947643344566,-0.026046922065634137,-0.008864540103955543,-0.1084085475528771,0.04706360814772248
2.7015334591642004,0.24559395083310911,0.42234219959678543,0.16821968336902088,0.28882348462966606,0.8350869029993575,2021-12-15,TradFi Only,4.8124189604349095,0.2005174566847879,0.40147611118640375,0.1609024731475241,0.17869119055561977,0.8849074161312586,TradFi + DeFi,-0.04507649414832121,-0.020866088410381678,-0.007317210221496784,-0.11013229407404629,0.049820513131901056
2.769854220841581,0.2518049291674165,0.4386650284201211,0.17510189379059007,0.2904993076980582,0.8397082378137837,2021-12-16,TradFi Only,4.807423018835349,0.2003092924514729,0.3980183746598894,0.16301641163711894,0.18021933692007766,0.8899684342576326,TradFi + DeFi,-0.051495636715943593,-0.040646653760231743,-0.012085482153471133,-0.11027997077798055,0.05026019644384894
2.7640947840217924,0.25128134400198116,0.4381797985174018,0.17358310182895118,0.29026196084179823,0.8380314381883005,2021-12-17,TradFi Only,4.836363374541674,0.20151514060590306,0.4022794349764487,0.16332112152114575,0.18035199889513356,0.8900196695177545,TradFi + DeFi,-0.049766203396078096,-0.035900363540953106,-0.010261980307805424,-0.10990996194666466,0.05198823132945396
2.8526098011593897,0.2593281637417627,0.4580954300808595,0.18115990606499704,0.2887482422546396,0.8345713402712236,2021-12-21,TradFi Only,4.946983918201308,0.2061243299250545,0.4138488885021766,0.16721351988680477,0.18300710419429667,0.8912745506255475,TradFi + DeFi,-0.05320383381670821,-0.04424654157868291,-0.013946386178192272,-0.10574113806034291,0.05670321035432391
2.891770043398645,0.2628881857635132,0.46807448733789386,0.18461300561070873,0.28866702204655187,0.8369741093604866,2021-12-22,TradFi Only,5.001417209916632,0.20839238374652633,0.42056250959343955,0.168027842763657,0.18379508165379832,0.8955868937847992,TradFi + DeFi,-0.054495802016986866,-0.047511977744454315,-0.01658516284705172,-0.10487194039275355,0.058612784424312614
2.9340737562400925,0.2667339778400084,0.47776892561898815,0.1887983195581147,0.2895236478940915,0.8371913967685471,2021-12-23,TradFi Only,5.0484505540203175,0.21035210641751323,0.4270997624666506,0.16943602899786103,0.1846413174109471,0.8948955308169003,TradFi + DeFi,-0.05638187142249518,-0.05066916315233755,-0.01936229056025368,-0.10488233048314441,0.05770413404835317
2.9282436161480425,0.2662039651043675,0.4753835467503734,0.18890412455708397,0.28960543304377817,0.8459800362436494,2021-12-30,TradFi Only,5.049048155838469,0.21037700649326954,0.42582675016495714,0.1696946294304198,0.18480483302296843,0.8946528773882112,TradFi + DeFi,-0.05582695861109796,-0.049556796585416285,-0.019209495126664172,-0.10480060002080974,0.04867284114456183
2.9093217533414704,0.2644837957583155,0.4736190775844953,0.18854434098619538,0.2887880171396138,0.8452901008618328,2022-01-05,TradFi Only,5.058399137612425,0.21076663073385105,0.42575217983546776,0.1697009420375434,0.18368825822450865,0.8937063862869216,TradFi + DeFi,-0.05371716502446444,-0.047866897749027526,-0.018843398948651974,-0.10509975891510512,0.0484162854250888
2.954084629450309,0.2685531481318463,0.4824469211880045,0.19002123055512968,0.2849767457047525,0.854147556258924,2022-01-06,TradFi Only,5.071675948453873,0.21131983118557804,0.4273217536025773,0.17197183037864838,0.18433166242244517,0.895919171251121,TradFi + DeFi,-0.05723331694626824,-0.05512516758542718,-0.018049400176481295,-0.10064508328230734,0.04177161499219695
2.832986701159384,0.257544245559944,0.45284396982812947,0.18475165899720733,0.2708592320512528,0.8079753594164395,2022-01-07,TradFi Only,5.052406894839548,0.21051695395164782,0.42404940179967787,0.17346456360079576,0.1782608144813486,0.8936468349418571,TradFi + DeFi,-0.04702729160829616,-0.028794568028451595,-0.011287095396411567,-0.0925984175699042,0.08567147552541765
2.886034033822326,0.26236673034748415,0.46358399329234157,0.1905585654946231,0.2715448020087034,0.8086669908591577,2022-01-12,TradFi Only,5.107459070839422,0.21281079461830923,0.43038046053602125,0.17614735183366523,0.18087702008610618,0.9018670747971822,TradFi + DeFi,-0.04955593572917491,-0.03320353275632032,-0.014411213660957878,-0.09066778192259722,0.09320008393802448
2.899788104506408,0.26361710040967345,0.4646095694868683,0.19050915620822154,0.2654919990030704,0.8080447604914766,2022-01-13,TradFi Only,5.0973954552699805,0.21239147730291585,0.4228216143655121,0.17809099318000018,0.18305486434837445,0.9038239673338712,TradFi + DeFi,-0.0512256231067576,-0.041787955121356246,-0.012418163028221352,-0.08243713465469596,0.0957792068423946
2.905779352679095,0.2641617593344632,0.46487443185223853,0.19164090138349804,0.2644692935317156,0.8085231905257392,2022-01-14,TradFi Only,5.103040710926709,0.21262669628861286,0.42387075485183534,0.1774448165393002,0.18363256594034902,0.9047316061330613,TradFi + DeFi,-0.051535063045850316,-0.041003677000403194,-0.014196084844197848,-0.08083672759136659,0.09620841560732207
2.8439572577666787,0.2585415688878799,0.4502590949032965,0.18959715889090564,0.2635005428204682,0.8158863318163074,2022-01-19,TradFi Only,5.081067814954076,0.21171115895641981,0.42296325382086736,0.17564403905088974,0.18307774592257162,0.9025969990154706,TradFi + DeFi,-0.046830409931460065,-0.027295841082429162,-0.013953119840015904,-0.08042279689789658,0.0867106671991632
2.822440950713473,0.2565855409739521,0.4462192495518726,0.18818184963074963,0.26401453262332886,0.8094750563640987,2022-01-20,TradFi Only,5.121224727794489,0.21338436365810373,0.42893011165567685,0.17622763201851677,0.18283675172920097,0.9037954091821311,TradFi + DeFi,-0.043201177315848355,-0.01728913789619574,-0.011954217612232865,-0.08117778089412789,0.09432035281803242
2.942965716019326,0.26754233781993875,0.4735923111497922,0.19618934633305907,0.26806254256918866,0.8097942954621137,2022-01-21,TradFi Only,5.451694622088077,0.2271539425870032,0.4682167720450695,0.18630060180900723,0.1829339340553117,0.9060371051572637,TradFi + DeFi,-0.04038839523293555,-0.005375539104722715,-0.009888744524051835,-0.08512860851387696,0.09624280969514998
2.938771255632917,0.2671610232393561,0.4745083595463462,0.1949382823486118,0.26534605474319856,0.8092756205299138,2022-01-25,TradFi Only,5.447872956986297,0.2269947065410957,0.46827194901083924,0.18574534870473663,0.18291059904200724,0.9066631785377124,TradFi + DeFi,-0.0401663166982604,-0.006236410535506942,-0.009192933643875162,-0.08243545570119132,0.09738755800779864
2.9235515070220073,0.2657774097292734,0.47141320054534036,0.19310474064577046,0.2676624305968733,0.8105851480823469,2022-01-28,TradFi Only,5.424288627394154,0.2260120261414231,0.4630588367315052,0.1866588637989469,0.18296144688775018,0.8920127501365087,TradFi + DeFi,-0.039765383587850284,-0.008354363813835142,-0.006445876846823573,-0.0847009837091231,0.08142760205416177
2.946316586165565,0.2678469623786877,0.47596512886382913,0.19487159210652766,0.27081255686041356,0.8112170876832434,2022-02-01,TradFi Only,5.483554757821507,0.22848144824256278,0.4707022508196573,0.1882931441690763,0.1835240697176256,0.8907713253858611,TradFi + DeFi,-0.039365514136124935,-0.005262878044171859,-0.006578447937451354,-0.08728848714278795,0.07955423770261771
2.988664391519654,0.2716967628654231,0.48563106053023375,0.19767008977193412,0.27311054541076507,0.812493718421256,2022-02-02,TradFi Only,5.448150041122362,0.22700625171343172,0.46321881572693197,0.18826893748480783,0.183993628016885,0.8904798227488439,TradFi + DeFi,-0.04469051115199138,-0.022412244803301784,-0.009401152287126291,-0.08911691739388006,0.0779861043275879
2.9661649401352874,0.26965135819411706,0.4818357330376709,0.1959191534722315,0.270531313872113,0.8127744582124923,2022-02-03,TradFi Only,5.3774175405155695,0.22405906418814872,0.45531502658133466,0.18606378800899953,0.18371180989647087,0.8918531164854206,TradFi + DeFi,-0.04559229400596834,-0.02652070645633625,-0.009855365463231958,-0.08681950397564211,0.07907865827292837
2.933618690309274,0.26669260820993396,0.47718389612965045,0.192362372886893,0.27048446947320604,0.8121385234126313,2022-02-04,TradFi Only,5.454126345111171,0.22725526437963214,0.4660256894067019,0.1876009798048985,0.18393191185020216,0.888697105435939,TradFi + DeFi,-0.03943734383030181,-0.011158206722948538,-0.004761393081994497,-0.08655255762300387,0.07655858202330779
2.9302987840707146,0.26639079855188313,0.47635437159119565,0.19210463253073923,0.27040587135740973,0.813116549233404,2022-02-08,TradFi Only,5.4335277231850085,0.22639698846604203,0.4633567670351695,0.1878155963232785,0.18476345991702817,0.889397612736449,TradFi + DeFi,-0.0399938100858411,-0.012997604556026165,-0.004289036207460739,-0.08564241144038157,0.07628106350304498
2.982669947237092,0.2711518133851902,0.49177740068153475,0.19229504444638307,0.2696756401359337,0.8147790930881603,2022-02-09,TradFi Only,5.452902386331029,0.2272042660971262,0.466881308005769,0.18737666827569202,0.18530609990722846,0.8899778754210761,TradFi + DeFi,-0.043947547288063965,-0.024896092675765757,-0.004918376170691047,-0.08436954022870524,0.07519878233291577
2.983536377443991,0.27123057976763554,0.492949578915646,0.19110660698023846,0.27095673094144535,0.8137407590147934,2022-02-10,TradFi Only,5.442667997125989,0.22677783321358289,0.46517889985739597,0.186431503876592,0.1851979109040058,0.8946067464085894,TradFi + DeFi,-0.04445274655405265,-0.027770679058250036,-0.004675103103646466,-0.08575882003743954,0.08086598739379602
2.8741116540256164,0.2612828776386924,0.4651812375782237,0.18219288171426348,0.2675458019761715,0.813578979982355,2022-02-15,TradFi Only,5.400058290315937,0.22500242876316404,0.46083106933337176,0.18392590167430636,0.1833280565747559,0.89574944211367,TradFi + DeFi,-0.036280448875528365,-0.00435016824485196,0.0017330199600428808,-0.0842177454014156,0.08217046213131507
2.8965226497980625,0.26332024089073297,0.4696235833518912,0.1829368821991801,0.269885657677209,0.8151345437093236,2022-02-16,TradFi Only,5.373835524102069,0.22390981350425287,0.45359929541035093,0.18454202329973207,0.18369075063086696,0.8964566515659995,TradFi + DeFi,-0.039410427386480096,-0.01602428794154026,0.00160514110055196,-0.08619490704634206,0.08132210785667593
2.8592122498064376,0.25992838634603976,0.46002170793244057,0.18010344788766627,0.27205177110904033,0.8229276342763743,2022-02-17,TradFi Only,5.420028484999452,0.2258345202083105,0.4554608824584086,0.18788135324663374,0.18328183220794747,0.8960495979487195,TradFi + DeFi,-0.03409386613772927,-0.004560825474031971,0.0077779053589674685,-0.08876993890109286,0.07312196367234525
2.8716125248710074,0.2610556840791825,0.4625446013956124,0.18161381271108476,0.2717002587689828,0.8237547309705795,2022-02-18,TradFi Only,5.464124338322297,0.22767184743009572,0.4579915332122375,0.18905769475008996,0.18272480422929452,0.9000483251543981,TradFi + DeFi,-0.033383836649086784,-0.004553068183374864,0.007443882039005201,-0.08897545453968828,0.07629359418381865
2.7310061574490794,0.2482732870408254,0.422493754384789,0.17199321921821303,0.25867192445770965,0.8204884915353243,2022-02-25,TradFi Only,5.4441149764152215,0.22683812401730089,0.4564064989039902,0.18512583727675083,0.17898257770820133,0.8982910692476499,TradFi + DeFi,-0.021435163023524523,0.03391274451920123,0.013132618058537798,-0.07968934674950831,0.07780257771232557
2.7027370987819106,0.24570337261653732,0.415557323794426,0.1716719443602406,0.2612690663226075,0.820473170199826,2022-03-03,TradFi Only,5.486936932226619,0.22862237217610912,0.4615144658253024,0.1863006553115285,0.17896243032828899,0.8975883331643522,TradFi + DeFi,-0.017081000440428207,0.04595714203087642,0.014628710951287899,-0.0823066359943185,0.07711516296452614
2.700481579913099,0.24549832544664535,0.41420139937982325,0.16652076379567712,0.2574260906382872,0.8249846224261663,2022-03-04,TradFi Only,5.61767062521269,0.2340696093838621,0.4780874249571368,0.1878666385108302,0.1776386624267563,0.8979070582989144,TradFi + DeFi,-0.011428716062783256,0.06388602557731354,0.021345874715153063,-0.0797874282115309,0.07292243587274805
2.708532431689326,0.246230221062666,0.41756561135422354,0.16599302016637213,0.25631597776657955,0.8325770599366326,2022-03-08,TradFi Only,5.620344292527116,0.23418101218862983,0.477655187243645,0.18849076185408287,0.17771670038420415,0.8981542548232547,TradFi + DeFi,-0.012049208874036182,0.06008957588942143,0.022497741687710737,-0.0785992773823754,0.06557719488662217
2.6461741552134344,0.24056128683758493,0.3979242818790614,0.16162143691124012,0.24081683219622138,0.8394041680769692,2022-03-09,TradFi Only,5.7071163850201225,0.2377965160425051,0.48609630824316125,0.19041265851033964,0.1780803470530282,0.894541449448645,TradFi + DeFi,-0.002764770795079835,0.08817202636409982,0.028791221599099526,-0.06273648514319319,0.05513728137167584
2.6103764783953465,0.23730695258139514,0.38793176809093194,0.16318685152777115,0.23851792283368536,0.8286234842958242,2022-03-10,TradFi Only,5.633249047085654,0.23471871029523558,0.4708223302540948,0.19019923917860684,0.1780381411475314,0.8959256733737727,TradFi + DeFi,-0.002588242286159559,0.08289056216316287,0.02701238765083569,-0.06047978168615398,0.0673021890779485
2.601173297132879,0.23647029973935263,0.3857592623654226,0.1614926279458169,0.23524634850867188,0.831110508064975,2022-03-11,TradFi Only,5.645760417444686,0.2352400173935286,0.4699365330103571,0.19103702347688706,0.17801539325555082,0.89723435248801,TradFi + DeFi,-0.0012302823458240353,0.08417727064493452,0.02954439553107016,-0.05723095525312105,0.06612384442303498
2.60345940048226,0.23667812731656912,0.3861981225335234,0.16163712376571118,0.2366505443188659,0.8285570210567912,2022-03-15,TradFi Only,5.6479345475146205,0.23533060614644252,0.4704958717774817,0.1905661159708632,0.17787526519412267,0.8976472933804915,TradFi + DeFi,-0.0013475211701265977,0.08429774924395828,0.02892899220515202,-0.05877527912474323,0.06909027232370035
2.6387761231676983,0.23988873846979075,0.39217048823063344,0.16660099316810636,0.23077441854834888,0.8260157687335772,2022-03-16,TradFi Only,5.703906917280873,0.2376627882200364,0.47776160886101415,0.1929650551047436,0.17848283907953397,0.9005685679583523,TradFi + DeFi,-0.0022259502497543604,0.08559112063038071,0.026364061936637234,-0.05229157946881491,0.07455279922477509
2.686921373686969,0.24426557942608806,0.40070364828785016,0.1723941173479702,0.25219788938660936,0.8299118636171045,2022-03-17,TradFi Only,5.765068796716576,0.24021119986319064,0.4823098383755845,0.1974302354409232,0.18119147324844964,0.9019318612924955,TradFi + DeFi,-0.00405437956289742,0.08160619008773434,0.025036118092953003,-0.07100641613815972,0.07201999767539102
2.6653562785411995,0.24230511623101814,0.39414657459790875,0.1727646209539982,0.24855703354394088,0.830391825643668,2022-03-23,TradFi Only,5.803436521437216,0.24180985505988398,0.4851101300056076,0.19889270657778893,0.18143196165038156,0.9026762992701006,TradFi + DeFi,-0.0004952611711341592,0.09096355540769885,0.026128085623790737,-0.06712507189355932,0.07228447362643264
2.643382957465383,0.24030754158776207,0.390999562193394,0.16875944958295372,0.23866087517670856,0.8338503598190422,2022-03-24,TradFi Only,5.843749985828718,0.24348958274286325,0.4923584431366812,0.19842930852487428,0.18105391307729254,0.9049691313754497,TradFi + DeFi,0.0031820411551011785,0.10135888094328721,0.029669858941920563,-0.057606962099416015,0.07111877155640745
2.6436581542132234,0.2403325594739294,0.39076256081059896,0.1682465050668337,0.2380971299796416,0.8377661276921011,2022-03-25,TradFi Only,5.8732581649671305,0.24471909020696378,0.49720252083153366,0.19879050965198938,0.18116007310638604,0.9051269953808085,TradFi + DeFi,0.004386530733034383,0.1064399600209347,0.030544004585155687,-0.056937056873255565,0.06736086768870742
2.6592903802113548,0.241753670928305,0.39346156851561026,0.17134425583170396,0.23013029211994118,0.8415435437797152,2022-03-29,TradFi Only,5.881698772040114,0.24507078216833808,0.4980500028059634,0.1989935508484864,0.1806879228258457,0.905417869423596,TradFi + DeFi,0.003317111240033088,0.10458843429035314,0.027649295016782455,-0.049442369294095484,0.06387432564388085
2.6430419780540118,0.24027654345945562,0.3899347434005864,0.17268139711039668,0.22936497749394427,0.8392317040310304,2022-03-30,TradFi Only,5.932088954694319,0.2471703731122633,0.504582003303115,0.20154542308316997,0.18183178747279405,0.9037913961422405,TradFi + DeFi,0.006893829652807687,0.11464725990252855,0.028864025972773294,-0.04753319002115022,0.06455969211121004
2.671577892102257,0.24287071746384156,0.3966069566801384,0.17287828528560026,0.23190918719221768,0.8396415890314327,2022-03-31,TradFi Only,5.853700815834391,0.24390420065976628,0.4944340179746434,0.1982055876066754,0.18036773010646212,0.9054118740289341,TradFi + DeFi,0.0010334831959247226,0.09782706129450502,0.025327302321075135,-0.051541457085755554,0.06577028499750137
2.6661242454294265,0.24237493140267513,0.3952684896368851,0.1729360396540343,0.23037153015934314,0.8410302823039127,2022-04-01,TradFi Only,5.771131194624311,0.24046379977601295,0.4825218369747986,0.1975743428940861,0.18032147888153408,0.8964133931484328,TradFi + DeFi,-0.001911131626662177,0.08725334733791351,0.024638303240051784,-0.050050051277809066,0.05538311084452008
2.667972395234866,0.24254294502135146,0.39792716522701216,0.1715989313453342,0.23083185675239448,0.8385043883215026,2022-04-05,TradFi Only,5.774623237403316,0.2406093015584715,0.48271734493942303,0.19783489794550627,0.1800682130808283,0.8962088071841425,TradFi + DeFi,-0.0019336434628799692,0.08479017971241087,0.026235966600172078,-0.05076364367156619,0.057704418862639884
2.7227023116901345,0.24751839197183043,0.4085001797613795,0.17732818669993541,0.2343210141359967,0.8385583351721972,2022-04-06,TradFi Only,5.992475553577501,0.24968648139906255,0.5098167866859618,0.204748905784414,0.18133324707951903,0.8990708277470449,TradFi + DeFi,0.0021680894272321227,0.10131660692458228,0.027420719084478573,-0.052987767056477675,0.0605124925748477
2.7379266676533027,0.24890242433211843,0.41154213450321964,0.17752374896285367,0.2330403102985139,0.8390955833263487,2022-04-07,TradFi Only,5.9614217273970525,0.24839257197487719,0.5022464320522089,0.2032637591821536,0.1817105752136342,0.8986699994972227,TradFi + DeFi,-0.0005098523572412417,0.09070429754898923,0.025740010219299947,-0.0513297350848797,0.059574416170874
2.7303319850213,0.2482119986383,0.4096265896194362,0.17590388546910557,0.23306424501380815,0.8405081578027691,2022-04-08,TradFi Only,5.951328420374979,0.24797201751562412,0.4992676387231432,0.20388197910801148,0.18171701330176507,0.8976475675638449,TradFi + DeFi,-0.00023998112267589744,0.08964104910370702,0.02797809363890591,-0.051347231712043084,0.05713940976107579
2.758798758970362,0.2507998871791238,0.4143678575552787,0.17653926637814146,0.23421139067335323,0.8463881101925731,2022-04-12,TradFi Only,5.8854072453395245,0.24522530188914685,0.4848192906540375,0.2020106228647661,0.18168395950871305,0.9009351956070455,TradFi + DeFi,-0.00557458528997698,0.07045143309875879,0.02547135648662463,-0.052527431164640176,0.054547085414472396
2.7494195276998377,0.24994722979089434,0.41233557892100636,0.17668790109282959,0.2317366527508102,0.8325068935974009,2022-04-13,TradFi Only,5.903765320183138,0.2459902216742974,0.4867329385788064,0.20379917388657953,0.18183594143665963,0.8995825195139705,TradFi + DeFi,-0.003957008116596938,0.07439735965780003,0.027111272793749946,-0.04990071131415058,0.06707562591656957
2.7636610136177837,0.25124191032888943,0.4155234313025808,0.17911309365577502,0.23714500188488932,0.8345158610083595,2022-04-20,TradFi Only,5.851261738658709,0.24380257244411288,0.47941726371319876,0.20304838847974718,0.1813369677997858,0.9001525167912747,TradFi + DeFi,-0.007439337884776548,0.06389383241061797,0.023935294823972164,-0.055808034085103514,0.06563665578291522
2.7705561761879434,0.251868743289813,0.41794704805736865,0.17871751942999267,0.23830609023865598,0.8340420965768108,2022-04-21,TradFi Only,5.871431326411567,0.24464297193381532,0.4794844795066443,0.20414096188589473,0.18248377243455585,0.8993270583847425,TradFi + DeFi,-0.0072257713559976955,0.06153743144927565,0.025423442455902057,-0.05582231780410013,0.06528496180793164
2.802163933428524,0.25474217576622943,0.422531896344334,0.18140009114169106,0.2318590812531551,0.8349758508570679,2022-04-22,TradFi Only,5.824238003157847,0.24267658346491028,0.4707316683974741,0.20514957860818578,0.1810733677203004,0.8989869269739077,TradFi + DeFi,-0.01206559230131915,0.04819977205314008,0.023749487466494718,-0.050785713532854715,0.06401107611683976
2.8171975342288893,0.25610886674808087,0.42861050539052414,0.17353520608349743,0.22977815994428005,0.8398819650133196,2022-04-26,TradFi Only,5.777197433203697,0.2407165597168207,0.46544809730931924,0.19979290452923879,0.18159121649826923,0.9014310439460933,TradFi + DeFi,-0.015392307031260155,0.0368375919187951,0.026257698445741356,-0.04818694344601082,0.061549078932773726
2.8074256814188465,0.2552205164926224,0.42499957886094064,0.17761096178819008,0.22900411790900896,0.8354685997552261,2022-04-27,TradFi Only,5.756599779867642,0.23985832416115174,0.4545683507534957,0.20314600467159127,0.18216943523027695,0.9017433544732771,TradFi + DeFi,-0.015362192331470653,0.02956877189255508,0.025535042883401193,-0.046834682678732004,0.066274754718051
2.844131360810391,0.25855739643730824,0.43271115572167296,0.18328725741327473,0.22893604028661976,0.8361429649055702,2022-04-28,TradFi Only,5.839023917100043,0.2432926632125018,0.4612336548237293,0.2091570398301005,0.18153822545980122,0.9013992384223981,TradFi + DeFi,-0.015264733224806454,0.028522499102056342,0.025869782416825776,-0.04739781482681854,0.06525627351682795
2.8508847306372083,0.2591713391488371,0.4317999559751796,0.18557414922403448,0.22861505947475916,0.8399407303396783,2022-05-10,TradFi Only,5.703221054325801,0.23763421059690837,0.4407789161447624,0.20832811526419656,0.18308373819561852,0.9096528706052098,TradFi + DeFi,-0.02153712855192874,0.008978960169582773,0.022753966040162082,-0.04553132127914064,0.06971214026553152
2.801770319288996,0.254706392662636,0.4215823667403974,0.18218700903064622,0.22804705585690882,0.8401631218180339,2022-05-11,TradFi Only,5.668973371927985,0.23620722383033269,0.43598450806329997,0.20671709794506163,0.18216693032621534,0.9113313268354469,TradFi + DeFi,-0.01849916883230332,0.014402141322902573,0.02453008891441541,-0.04588012553069348,0.07116820501741306
2.81997843008248,0.25636167546204364,0.42547172935345684,0.1825859570146377,0.24976796751984454,0.849948226702606,2022-05-12,TradFi Only,5.860598585310082,0.2441916077212534,0.45658928564346496,0.21159251131066145,0.18493912992880782,0.9147511376201629,TradFi + DeFi,-0.012170067740790241,0.03111755629000812,0.02900655429602375,-0.06482883759103672,0.06480291091755697
2.8292337484714616,0.25720306804286014,0.4288713074505952,0.18214655967655782,0.23796061946267744,0.8366608100797592,2022-05-13,TradFi Only,5.791888793111616,0.24132869971298399,0.4466894169733581,0.2107848925620794,0.18547800918275492,0.9168832933513336,TradFi + DeFi,-0.015874368329876154,0.017818109522762915,0.02863833288552159,-0.052482610279922515,0.08022248327157433
2.8306438338397566,0.25733125762179604,0.42893448959429864,0.181689269167149,0.23942401022232304,0.8380248440718192,2022-05-17,TradFi Only,5.771898964427946,0.24049579018449774,0.4430610129560752,0.21050549951272537,0.18573452482342376,0.91526642563279,TradFi + DeFi,-0.0168354674372983,0.014126523361776555,0.02881623034557637,-0.053689485398899284,0.07724158156097083
2.8218772588890495,0.25653429626264085,0.4232210855600019,0.18596898872729642,0.2337297964505087,0.8334679441313696,2022-05-18,TradFi Only,5.736370370419943,0.23901543210083095,0.434737100498512,0.21214099793134164,0.18583296850862374,0.9160662718185679,TradFi + DeFi,-0.017518864161809894,0.011516014938510122,0.02617200920404522,-0.04789682794188496,0.08259832768719833
2.8024148938384363,0.2547649903489488,0.419011098361878,0.18508946104467539,0.23030420652033437,0.8362693369026364,2022-05-19,TradFi Only,5.622458278460118,0.23426909493583825,0.4195968450413499,0.2099137249222987,0.1832744998478957,0.9165603286405031,TradFi + DeFi,-0.020495895413110532,0.0005857466794719213,0.02482426387762332,-0.047029706672438665,0.08029099173786669
2.8122849865532538,0.2556622715048413,0.41957630330053747,0.18657359329533213,0.22688023501697716,0.8420943732014046,2022-05-20,TradFi Only,5.657551389649828,0.23573130790207616,0.4225984359629249,0.21132679694659284,0.18295244093274787,0.9171557467513818,TradFi + DeFi,-0.01993096360276511,0.0030221326623874334,0.024753203651260713,-0.04392779408422928,0.07506137354997722
2.8305527659123806,0.2573229787193073,0.42367204201017766,0.1875116818496843,0.22913814997200574,0.8434073688270649,2022-05-24,TradFi Only,5.605473284025661,0.23356138683440253,0.4145432791699949,0.21162724879701436,0.1806735056165106,0.9155424353860574,TradFi + DeFi,-0.023761591884904787,-0.00912876284018277,0.024115566947330053,-0.048464644355495134,0.07213506655899249
2.8234243382230177,0.2566749398384562,0.4223995124971283,0.18767548399085202,0.2284022151427421,0.84301447050194,2022-05-25,TradFi Only,5.731032687986457,0.23879302866610239,0.4271174079453693,0.21279318150650806,0.18051253251473529,0.9123964134590883,TradFi + DeFi,-0.017881911172353798,0.004717895448240972,0.02511769751565604,-0.0478896826280068,0.06938194295714828
2.8330130978505257,0.2575466452591387,0.4249887603764592,0.189508128463337,0.22848460011266855,0.8419729310223087,2022-05-26,TradFi Only,5.727320220859764,0.2386383425358235,0.4272423056786422,0.21273470793373012,0.17949349730357342,0.9106425134876943,TradFi + DeFi,-0.018908302723315173,0.0022535453021829688,0.02322657947039311,-0.04899110280909513,0.06866958246538557
2.8225013039822007,0.2565910276347455,0.42228293550432067,0.18852189496161728,0.22904770601663535,0.8403551463456713,2022-05-27,TradFi Only,5.686785701730992,0.23694940423879132,0.42422132782675787,0.21060882771608128,0.18145253681602935,0.9090473788948888,TradFi + DeFi,-0.019641623395954183,0.001938392322437199,0.022086932754463995,-0.047595169200606,0.06869223254921752
2.8069801462968194,0.25518001329971085,0.4190744671586341,0.18746288677373907,0.22834885249241707,0.837632209852659,2022-06-01,TradFi Only,5.6504769540046444,0.23543653975019352,0.42030664316917,0.20893817582012572,0.17939454466922988,0.9089284920495828,TradFi + DeFi,-0.019743473549517332,0.0012321760105358792,0.021475289046386653,-0.04895430782318719,0.07129628219692385
2.8339794381784724,0.25763449437986113,0.424558490940159,0.18898262721994466,0.22661366007041647,0.838326974274846,2022-06-07,TradFi Only,5.7311681339641565,0.2387986722485065,0.43311135511567866,0.20942411405437672,0.18201850143654022,0.9088702502810007,TradFi + DeFi,-0.018835822131354624,0.008552864175519648,0.02044148683443206,-0.04459515863387625,0.07054327600615462
2.8288231072750363,0.2571657370250033,0.4215660641046322,0.19231966312505283,0.22587163918367595,0.8400109899990053,2022-06-08,TradFi Only,5.692687845704559,0.23719532690435663,0.4259816974157525,0.21142281765169366,0.1816670863315578,0.9070832733626996,TradFi + DeFi,-0.019970410120646653,0.004415633311120271,0.019103154526640825,-0.04420455285211816,0.06707228336369431
2.8131968896851376,0.25574517178955797,0.41843657188836186,0.1895536548663609,0.22726729039993962,0.8420807717162386,2022-06-09,TradFi Only,5.650996385011941,0.23545818270883087,0.42168566996732104,0.20968049230870947,0.18113371448027207,0.9083404612206114,TradFi + DeFi,-0.020286989080727097,0.0032490980789591783,0.020126837442348583,-0.04613357591966755,0.06625968950437278
2.9072506886712084,0.26429551715192806,0.43842716019837336,0.1928199369873547,0.23451224085388642,0.8391281337621675,2022-06-10,TradFi Only,5.706071862202527,0.23775299425843863,0.4265238450097669,0.2116300842330527,0.18275207680658911,0.9063952025819623,TradFi + DeFi,-0.026542522893489434,-0.011903315188606434,0.018810147245698017,-0.0517601640472973,0.06726706881979472
2.9411812814231943,0.2673801164930177,0.4404197936519588,0.20059314860296176,0.23953331653972698,0.8397537530144323,2022-06-14,TradFi Only,5.590004867463949,0.23291686947766455,0.4076665174514868,0.21660987061321205,0.17974303037187314,0.9040842485622492,TradFi + DeFi,-0.03446324701535314,-0.032753276200472026,0.016016722010250284,-0.05979028616785384,0.06433049554781689
2.9382589241993733,0.2671144476544885,0.4435972162826381,0.19886341378842803,0.23981289354200477,0.8323006743266891,2022-06-15,TradFi Only,5.607401172451563,0.2336417155188151,0.4112436804269066,0.21602876172298865,0.1794561684865217,0.905423959503583,TradFi + DeFi,-0.033472732135673394,-0.032353535855731475,0.01716534793456062,-0.06035672505548306,0.07312328517689393
3.0001488480726746,0.2727408043702431,0.4529329076341272,0.20684767561135134,0.23441539909358866,0.8362630386778207,2022-06-16,TradFi Only,5.604997012935598,0.23354154220564993,0.4062133304742404,0.21993165662927705,0.17465863994896424,0.9066254307820572,TradFi + DeFi,-0.039199262164593185,-0.04671957715988678,0.013083981017925711,-0.059756759144624416,0.07036239210423645
3.002991413991711,0.2729992194537919,0.4542162265733797,0.20409112847465047,0.23447607288145852,0.8371984173562441,2022-06-17,TradFi Only,5.557722202494082,0.23157175843725342,0.39892134946747854,0.21990983540276418,0.16367728599704598,0.9044968565701066,TradFi + DeFi,-0.04142746101653849,-0.05529487710590114,0.015818706928113713,-0.07079878688441255,0.06729843921386247
2.9989154141691414,0.2726286740153765,0.45182010598667904,0.2042816217497585,0.23259282458899602,0.8329156146678369,2022-06-22,TradFi Only,5.567099654008566,0.23196248558369026,0.39908625171976586,0.22017528106338116,0.1609871356590875,0.905053719214131,TradFi + DeFi,-0.040666188431686234,-0.05273385426691318,0.01589365931362266,-0.07160568892990851,0.0721381045462941
2.9831007688714757,0.27119097898831596,0.4477058087580682,0.20494846305637338,0.2324590973152817,0.8322119501442395,2022-06-23,TradFi Only,5.567122954990358,0.2319634564579316,0.39819741928768254,0.2210129645027323,0.15262539634223812,0.9046603088518638,TradFi + DeFi,-0.03922752253038436,-0.04950838947038566,0.01606450144635893,-0.07983370097304357,0.07244835870762423
2.996669836464995,0.2724245305877268,0.4503854593827299,0.20632558485734134,0.23201054625098527,0.833167521271862,2022-06-24,TradFi Only,5.686118919824224,0.2369216216593427,0.4112146087748407,0.22192080421545843,0.1723940782245612,0.9104584346129837,TradFi + DeFi,-0.03550290892838412,-0.03917085060788922,0.015595219358117085,-0.05961646802642406,0.0772909133411217
3.0107061184897628,0.2737005562263421,0.4524523439426969,0.2073965782613366,0.23254569162656386,0.8456268069810957,2022-06-28,TradFi Only,5.693150346510995,0.23721459777129147,0.4104614454345594,0.22205180980672432,0.16959287688826233,0.91118202177241,TradFi + DeFi,-0.03648595845505062,-0.041990898508137475,0.014655231545387726,-0.06295281473830153,0.06555521479131432
3.025151404688913,0.27501376406262845,0.4538668549016752,0.20814565964484696,0.23142433399565754,0.8562698442087086,2022-06-29,TradFi Only,5.7201096628715495,0.2383379026196479,0.4128799563779722,0.22241735740296287,0.1729237136774466,0.9111336523223841,TradFi + DeFi,-0.036675861442980545,-0.04098689852370302,0.014271697758115903,-0.05850062031821093,0.05486380811367553
3.0341488586989454,0.27583171442717686,0.45471247519778757,0.2063681115457547,0.23055441597334322,0.8594735224049295,2022-06-30,TradFi Only,5.714528900097829,0.23810537083740954,0.4139929753783562,0.2203791875150779,0.17635099570770296,0.9092136115068015,TradFi + DeFi,-0.037726343589767314,-0.04071949981943135,0.014011075969323189,-0.05420342026564026,0.049740089101872
2.9800515581256515,0.27091377801142286,0.4458615220979397,0.20309831067128548,0.23010825558591758,0.8488060782428548,2022-07-01,TradFi Only,5.681385411572052,0.23672439214883548,0.41191663243716314,0.21744302466250282,0.1740827537703846,0.908935848908881,TradFi + DeFi,-0.03418938586258738,-0.03394488966077658,0.01434471399121734,-0.05602550181553298,0.060129770666026205
2.9854490594485137,0.2714044599498649,0.4449914315456418,0.20658183123710563,0.23329670390700974,0.825029297106578,2022-07-06,TradFi Only,5.6669009176509215,0.2361208715687884,0.4093581961064456,0.21722387245087962,0.16557289629789532,0.910126328349194,TradFi + DeFi,-0.03528358838107651,-0.03563323543919622,0.01064204121377399,-0.06772380760911442,0.08509703124261603
3.0094217017558598,0.2735837910687145,0.44910062641853044,0.20796339262564303,0.2357332509547949,0.8248476169659824,2022-07-07,TradFi Only,5.772747465264033,0.2405311443860014,0.4215772382003213,0.21817176840216435,0.17163835076976816,0.9074018115357891,TradFi + DeFi,-0.0330526466827131,-0.027523388218209155,0.010208375776521311,-0.06409490018502673,0.08255419456980673
3.0100865794582186,0.2736442344962017,0.44910865802888555,0.20841281673398396,0.2346921384656463,0.8243424016701806,2022-07-08,TradFi Only,5.740658904202726,0.23919412100844692,0.41519422034541065,0.21924116887698694,0.16953095745183525,0.9087689603987842,TradFi + DeFi,-0.03445011348775476,-0.03391443768347491,0.010828352143002984,-0.06516118101381105,0.0844265587286036
3.001328735142648,0.2728480668311498,0.44591723935910565,0.2101498152630192,0.2349851344894974,0.8222154391893695,2022-07-12,TradFi Only,5.752024930809201,0.23966770545038338,0.41797635836830127,0.2189799012941418,0.1703515837345294,0.9093655063754114,TradFi + DeFi,-0.03318036138076644,-0.027940880990804384,0.008830086031122591,-0.06463355075496799,0.0871500671860419
3.019340696645244,0.27448551787684033,0.44957507843419486,0.21093269969417525,0.23632114427698633,0.8272349338468605,2022-07-13,TradFi Only,5.699476943225706,0.23747820596773775,0.4109568446471743,0.21905643927807536,0.16841595513119587,0.909652197258527,TradFi + DeFi,-0.037007311909102586,-0.03861823378702056,0.008123739583900114,-0.06790518914579047,0.08241726341166644
3.0297948545807505,0.27543589587097733,0.45710257379980546,0.20491887062588332,0.23624068451777108,0.8296284372680494,2022-07-14,TradFi Only,5.704904679315716,0.2377043616381548,0.41844973636793237,0.2134547738296019,0.16546007741855048,0.9095842240574333,TradFi + DeFi,-0.03773153423282252,-0.03865283743187309,0.008535903203718581,-0.0707806070992206,0.07995578678938398
3.059866279426297,0.27816966176602703,0.46196657303006594,0.2075604433445492,0.23100068760987694,0.8349177744306646,2022-07-15,TradFi Only,5.768273156937017,0.24034471487237571,0.42456546393352346,0.2150449526404985,0.17029323026831142,0.9086239702225949,TradFi + DeFi,-0.03782494689365132,-0.037401109096542484,0.007484509295949293,-0.06070745734156552,0.07370619579193027
3.0165213041327936,0.2742292094666176,0.4526511301917073,0.2064243162895731,0.23133527569512796,0.8320754641996403,2022-07-20,TradFi Only,5.669599414873426,0.2362333089530594,0.414673858008735,0.21290134054560927,0.1710235732892981,0.9105944993771553,TradFi + DeFi,-0.037995900513558195,-0.037977272182972255,0.006477024256036162,-0.060311702405829865,0.07851903517751502
3.0148757970820452,0.27407961791654956,0.454785552074639,0.20591417001878834,0.23597269606300142,0.8312780407208114,2022-07-21,TradFi Only,5.647736273421074,0.2353223447258781,0.41371181154048753,0.2116733001508739,0.16618520495353978,0.909049521490239,TradFi + DeFi,-0.03875727319067146,-0.04107374053415147,0.005759130132085566,-0.06978749110946164,0.07777148076942764
3.0062258267543767,0.2732932569776706,0.4547289379706818,0.20448233008007707,0.24103082146492738,0.8314773372545452,2022-07-22,TradFi Only,5.608771113165299,0.23369879638188748,0.4092310152852798,0.21140316659216749,0.16099946479804425,0.9093621449405411,TradFi + DeFi,-0.039594460595783115,-0.04549792268540204,0.006920836512090411,-0.08003135666688313,0.07788480768599593
3.0083894092116172,0.2734899462919652,0.4560642606638494,0.20426991546323164,0.24164306144591416,0.831853830906216,2022-07-26,TradFi Only,5.623071709956386,0.23429465458151608,0.41180463501554054,0.21148450451914141,0.16552070044747988,0.9089148025631517,TradFi + DeFi,-0.03919529171044914,-0.044259625648308876,0.00721458905590977,-0.07612236099843428,0.0770609716569357
3.054112031994575,0.2776465483631432,0.4664050726970745,0.20543959945346538,0.24185729427125605,0.8333257975898101,2022-07-27,TradFi Only,5.735955287992901,0.2389981369997042,0.4248247675457542,0.2138376843687835,0.16801157131580524,0.910986430243324,TradFi + DeFi,-0.03864841136343897,-0.041580305151320274,0.008398084915318127,-0.0738457229554508,0.07766063265351397
3.0445471228709264,0.27677701117008424,0.4597325936940704,0.20874546529368732,0.2434596909038653,0.826673156676411,2022-07-28,TradFi Only,5.794070907718704,0.241419621154946,0.42785668119545106,0.21503573110940644,0.17511114558122243,0.9136987576208544,TradFi + DeFi,-0.03535739001513824,-0.03187591249861932,0.0062902658157191205,-0.06834854532264287,0.08702560094444345
3.0396628149331932,0.27633298317574484,0.4574538458621358,0.2062554820512449,0.24031822958393212,0.83616655558621,2022-07-29,TradFi Only,5.805741851268014,0.24190591046950058,0.42937781873701414,0.21487774348793998,0.17568628994488478,0.9135949325742911,TradFi + DeFi,-0.03442707270624426,-0.02807602712512164,0.008622261436695089,-0.06463193963904734,0.07742837698808114
3.04485873404767,0.2768053394588791,0.46207655876580583,0.20395882016012146,0.24535034393207888,0.8373459471914786,2022-08-02,TradFi Only,5.730224135407018,0.23875933897529242,0.42063015854002195,0.21418953468081217,0.17106536040420872,0.911947236716339,TradFi + DeFi,-0.03804600048358667,-0.041446400225783886,0.010230714520690715,-0.07428498352787016,0.07460128952486045
3.0847140882349278,0.2804285534759025,0.46931521054263176,0.20827353625970063,0.2531092550926601,0.8379454079296345,2022-08-03,TradFi Only,5.742966937109304,0.239290289046221,0.42268512128525343,0.21479678238545244,0.1721246235640911,0.9114581709022496,TradFi + DeFi,-0.04113826442968152,-0.04663008925737833,0.006523246125751808,-0.08098463152856897,0.07351276297261511
3.0769331755901503,0.27972119778092275,0.4684053520460054,0.20729877900808705,0.2511749984102538,0.837475504761025,2022-08-04,TradFi Only,5.759149843796667,0.23996457682486114,0.42617121602032976,0.2143550728280943,0.17251370614937003,0.9110995850896416,TradFi + DeFi,-0.03975662095606161,-0.04223413602567566,0.007056293820007248,-0.07866129226088378,0.07362408032861667
3.0798523805931266,0.2799865800539206,0.46865966457995234,0.20771514197957225,0.25042789940459803,0.8370950371327779,2022-08-05,TradFi Only,5.770468616527189,0.24043619235529953,0.430987506033298,0.21317824104261854,0.1744443674550106,0.9115391606408356,TradFi + DeFi,-0.03955038769862104,-0.037672158546654344,0.0054630990630462894,-0.07598353194958743,0.07444412350805774
3.0507296181209567,0.27733905619281424,0.4617675966246323,0.20603474360452778,0.2492629531135129,0.8307964254458741,2022-08-17,TradFi Only,5.735443731562886,0.2389768221484536,0.4271474888153057,0.21253678065409953,0.17514811810681175,0.9107451798321222,TradFi + DeFi,-0.03836223404436065,-0.03462010780932662,0.006502037049571752,-0.07411483500670116,0.07994875438624816
3.0329567046086523,0.27572333678260474,0.46149713232029876,0.20329981805782454,0.2577544267821449,0.8238990971484055,2022-08-18,TradFi Only,5.439496069811717,0.22664566957548823,0.3935319338547502,0.20960533723582722,0.1711406181343252,0.8915562992742617,TradFi + DeFi,-0.04907766720711651,-0.06796519846554855,0.006305519178002678,-0.08661380864781967,0.06765720212585624
3.036040830220404,0.27600371183821854,0.4589252303421058,0.20501919640570287,0.2534523187782002,0.8193325409647596,2022-08-19,TradFi Only,5.524699545451016,0.23019581439379233,0.40324976251718037,0.2078310795321379,0.17527031069447027,0.901515890374908,TradFi + DeFi,-0.045807897444426204,-0.05567546782492544,0.0028118831264350164,-0.07818200808372991,0.08218334941014838
3.0702723713928544,0.27911567012662314,0.4656268719290762,0.20635614515839323,0.2518525373369918,0.8140639955702903,2022-08-23,TradFi Only,5.570483721064805,0.2321034883777002,0.40850701490080377,0.20786399046921927,0.17476454669341088,0.9015543321685561,TradFi + DeFi,-0.04701218174892294,-0.057119857028272436,0.0015078453108260392,-0.07708799064358093,0.08749033659826577
3.077158740963298,0.2797417037239362,0.4688897040503059,0.20584351369073528,0.2551134881762458,0.8112230003550092,2022-08-24,TradFi Only,5.526652565948335,0.2302771902478473,0.4026077853364512,0.2075699389663107,0.17322866064602008,0.9025611735153943,TradFi + DeFi,-0.049464513476088906,-0.06628191871385469,0.0017264252755754272,-0.08188482753022572,0.09133817316038517
3.073753088712539,0.27943209897386717,0.47098569061275863,0.20457534099457925,0.25680478376413035,0.8125831599428167,2022-08-25,TradFi Only,5.5759217077747625,0.23233007115728177,0.41088019003343124,0.2067059585727244,0.17222261393263785,0.9040696224750147,TradFi + DeFi,-0.0471020278165854,-0.0601055005793274,0.002130617578145144,-0.0845821698314925,0.09148646253219794
3.0017296043737263,0.27288450948852055,0.45486136289910206,0.20039267464066352,0.2526199716184894,0.8124591238323592,2022-08-26,TradFi Only,5.5931526213844425,0.23304802589101845,0.41142811960077114,0.20611990044083683,0.16278038775950818,0.9069390545029814,TradFi + DeFi,-0.03983648359750211,-0.043433243298330926,0.005727225800173319,-0.08983958385898125,0.09447993067062221
2.9719321225580706,0.27017564750527917,0.44839930717231097,0.1999797826878557,0.2510501190598059,0.8217452983513435,2022-09-02,TradFi Only,5.630666916103955,0.23461112150433147,0.414297272719869,0.209392491036218,0.15190865806197118,0.9059456199401413,TradFi + DeFi,-0.0355645260009477,-0.034102034452441976,0.009412708348362275,-0.09914146099783472,0.08420032158879787
2.9548312068547684,0.26862101880497896,0.4463707996985498,0.19804224393045125,0.25046029100044886,0.817639896716069,2022-09-07,TradFi Only,5.648643567490753,0.23536014864544805,0.41463978163553733,0.21132167657317574,0.15187876957946697,0.9075766629269866,TradFi + DeFi,-0.033260870159530914,-0.031731018063012484,0.013279432642724492,-0.0985815214209819,0.08993676621091762
2.9418408779359324,0.2674400798123575,0.4434201160904753,0.19924078766826253,0.251458259476258,0.8143013497680909,2022-09-08,TradFi Only,5.637874224671773,0.23491142602799053,0.4118773990700274,0.21210016174894264,0.15025385329893018,0.9089488034315196,TradFi + DeFi,-0.03252865378436698,-0.03154271702044792,0.012859374080680108,-0.10120440617732782,0.09464745366342875
2.939249366568171,0.26720448786983375,0.4416715446062015,0.19845489418794132,0.24638156308769857,0.8170080554323755,2022-09-09,TradFi Only,5.635954367556911,0.23483143198153797,0.4124127071947356,0.21037201768134875,0.14813625206799422,0.8902495334428218,TradFi + DeFi,-0.03237305588829578,-0.0292588374114659,0.011917123493407428,-0.09824531101970435,0.07324147801044623
2.8750459266977364,0.26136781151797606,0.4268376080478492,0.1975379540115299,0.23781562220489857,0.8152107302345385,2022-09-13,TradFi Only,5.599135288293765,0.2332973036789069,0.40809046351976314,0.20959128432858443,0.15833531395962108,0.8914510154480622,TradFi + DeFi,-0.02807050783906917,-0.018747144528086068,0.012053330317054523,-0.07948030824527749,0.07624028521352366
2.8647552590582346,0.26043229627802134,0.42353551014611973,0.1961959821740593,0.2291770355435963,0.8156675031946912,2022-09-14,TradFi Only,5.574601657108498,0.23227506904618742,0.40483083077101034,0.20912042728966854,0.15867549503850728,0.8891430575537448,TradFi + DeFi,-0.02815722723183392,-0.01870467937510939,0.012924445115609223,-0.07050154050508903,0.07347555435905362
2.8382452114434265,0.2580222919494024,0.4179805707587305,0.19202651291461986,0.2252336271455776,0.8148289077764802,2022-09-15,TradFi Only,5.559078305909502,0.23162826274622925,0.4057334853141502,0.20657894819520362,0.17415853070848009,0.8842998534528278,TradFi + DeFi,-0.026394029203173158,-0.012247085444580308,0.014552435280583753,-0.05107509643709751,0.0694709456763476
2.84617364273339,0.25874305843030815,0.4199130638573574,0.19184337011326996,0.22619473551932726,0.8165278483325566,2022-09-16,TradFi Only,5.493851245180172,0.22891046854917385,0.39878036832682767,0.2059110969220952,0.1777883009991786,0.8809758201537687,TradFi + DeFi,-0.029832589881134297,-0.02113269553052971,0.014067726808825232,-0.048406434520148645,0.06444797182121209
2.834042828477024,0.2576402571342749,0.42061546189726406,0.1845896058851003,0.24878469570797487,0.8108012953299706,2022-09-21,TradFi Only,5.507905687959391,0.2294960703316413,0.40229088621339754,0.2038179161925361,0.17789949062590318,0.8819329508694769,TradFi + DeFi,-0.028144186802633614,-0.01832457568386653,0.019228310307435825,-0.07088520508207169,0.07113165553950629
2.861837415928158,0.26016703781165074,0.42729315280138774,0.18249124035333225,0.2500022354103094,0.813253882153347,2022-09-22,TradFi Only,5.517108891301044,0.2298795371375435,0.4054855473445404,0.20419554549138125,0.15607568019679025,0.883188351900199,TradFi + DeFi,-0.030287500674107237,-0.021807605456847345,0.021704305138048996,-0.09392655521351917,0.06993446974685191
2.84471644224572,0.2586105856587018,0.4252430612376801,0.18234831144760244,0.25916533312493406,0.8074197774809184,2022-09-27,TradFi Only,5.5332123034942455,0.23055051264559356,0.4094744172020433,0.20534315797488806,0.16268293651368754,0.8794876456884805,TradFi + DeFi,-0.028060073013108255,-0.01576864403563677,0.022994846527285617,-0.09648239661124652,0.07206786820756206
2.8371451917210773,0.25792229015646156,0.4220717189381264,0.18284984976006607,0.2606577781060375,0.8075707482370053,2022-09-28,TradFi Only,5.531922266525877,0.23049676110524486,0.4088205442053937,0.20570899584754831,0.16206958104028177,0.880255007463607,TradFi + DeFi,-0.0274255290512167,-0.013251174732732685,0.02285914608748224,-0.09858819706575575,0.07268425922660171
2.8742265565573257,0.2612933233233932,0.43078857868814124,0.19314876895796892,0.2637556708776958,0.8084906232708338,2022-09-29,TradFi Only,5.55862800045222,0.2316095000188425,0.41438202378552375,0.2081463826601012,0.16623035456674387,0.8809786790759899,TradFi + DeFi,-0.029683823304550716,-0.0164065549026175,0.014997613702132262,-0.09752531631095193,0.07248805580515616
2.874117213628513,0.26128338305713755,0.438522822947427,0.1875733456053768,0.2611266967588843,0.8060626753272594,2022-09-30,TradFi Only,5.428635531185381,0.2261931471327242,0.4026797939098953,0.20352738436592416,0.15970526039420474,0.8781508230538131,TradFi + DeFi,-0.03509023592441335,-0.035843029037531726,0.01595403876054735,-0.10142143636467954,0.0720881477265537
3.087576098449157,0.28068873622265067,0.4860540103483498,0.20080026881050608,0.26938557153827875,0.8186163468961705,2022-10-04,TradFi Only,5.607018673378805,0.23362577805745022,0.4197362933257059,0.20816807835184484,0.184004518667529,0.8773092322129987,TradFi + DeFi,-0.04706295816520045,-0.06631771702264389,0.0073678095413387545,-0.08538105287074974,0.05869288531682826
3.103704952766574,0.2821549957060522,0.4900854336813118,0.20048631468670328,0.2703879342703827,0.8161172500203422,2022-10-07,TradFi Only,5.625377562068334,0.23439073175284728,0.42269028124719327,0.20831569891492605,0.18331506770593728,0.8764681284488937,TradFi + DeFi,-0.047764263953204905,-0.06739515243411853,0.007829384228222769,-0.08707286656444543,0.06035087842855147
3.095709440018266,0.2814281309107515,0.489905917701722,0.20189812897858916,0.27184107938921415,0.8121364372048459,2022-10-12,TradFi Only,5.573855508712975,0.2322439795297073,0.4177354315453213,0.20791250337862097,0.1785711022478139,0.8762727200523475,TradFi + DeFi,-0.04918415138104418,-0.0721704861564007,0.006014374400031802,-0.09326997714140026,0.06413628284750161
3.0224660819894855,0.27476964381722596,0.4764986986105061,0.19200738344750234,0.2657949157546745,0.8144263060100914,2022-10-13,TradFi Only,5.43793154545019,0.22658048106042458,0.4034750105580285,0.2044579702917327,0.1738362440645885,0.869546906659481,TradFi + DeFi,-0.04818916275680138,-0.07302368805247761,0.012450586844230366,-0.09195867169008601,0.05512060064938962
2.97292858978565,0.2702662354350591,0.46029642984782254,0.1927308097883648,0.2618929218906403,0.8144546936996878,2022-10-14,TradFi Only,5.270876112833369,0.2196198380347237,0.3869524633162585,0.20212904936582976,0.18619477133782977,0.8680246691645567,TradFi + DeFi,-0.05064639740033541,-0.07334396653156405,0.009398239577464967,-0.07569815055281051,0.05356997546486886
2.9799805888329427,0.27090732625754027,0.46065740090895446,0.1935108073709172,0.26311171744772305,0.8141961144701418,2022-10-18,TradFi Only,5.261630188981786,0.2192345912075744,0.38482232817027723,0.20305737265942356,0.16397885140390533,0.8649120981197558,TradFi + DeFi,-0.05167273504996586,-0.07583507273867723,0.009546565288506365,-0.09913286604381771,0.05071598364961394
2.9785120773971334,0.2707738252179212,0.46057597509536735,0.19340911282041504,0.262772029381173,0.8141666552592767,2022-10-19,TradFi Only,5.257822536604509,0.21907593902518788,0.3838694492529736,0.20358279388601822,0.16665669174025996,0.8643045121090944,TradFi + DeFi,-0.05169788619273333,-0.07670652584239374,0.01017368106560318,-0.09611533764091304,0.05013785684981775
2.9918874582011727,0.27198976892737936,0.4639398228791479,0.19652695447109794,0.26327596889624,0.8118289249696307,2022-10-20,TradFi Only,5.260363179946366,0.21918179916443192,0.3841412361390946,0.20379097922643613,0.16428523598326886,0.8643557135591711,TradFi + DeFi,-0.05280796976294744,-0.0797985867400533,0.007264024755338189,-0.09899073291297114,0.05252678858954041
3.001178552576772,0.27283441387061563,0.4638623012845665,0.19774129354075537,0.2629279387138202,0.8185144721025464,2022-10-21,TradFi Only,5.272830767795495,0.21970128199147895,0.38422023227700136,0.2052050950379989,0.1720358133079206,0.863815877168503,TradFi + DeFi,-0.05313313187913668,-0.07964206900756515,0.007463801497243544,-0.09089212540589961,0.0453014050659567
3.0030792138653246,0.27300720126048406,0.46621738038688804,0.19583594227165627,0.2651871114444821,0.8137120737655701,2022-10-25,TradFi Only,5.287043561521929,0.22029348173008037,0.38406101941226806,0.20573523937180482,0.17114774296769197,0.876616131118313,TradFi + DeFi,-0.052713719530403685,-0.08215636097461998,0.009899297100148557,-0.09403936847679012,0.06290405735274296
3.0014461297729467,0.27285873907026786,0.4660191747310587,0.19566814094722612,0.2664413246908052,0.8103733338723818,2022-10-28,TradFi Only,5.313843482526549,0.22141014510527288,0.38498158783358194,0.20747750743305965,0.17768012097521688,0.8736264365761188,TradFi + DeFi,-0.05144859396499499,-0.08103758689747675,0.011809366485833528,-0.08876120371558835,0.06325310270373707
3.0180906345660348,0.2743718758696395,0.46838357056367524,0.19723034881658486,0.2667148398887924,0.8141271890773535,2022-11-01,TradFi Only,5.321462024439285,0.22172758435163686,0.3856826080204444,0.20759405869763828,0.18045508170466962,0.8725613821973436,TradFi + DeFi,-0.05264429151800265,-0.08270096254323084,0.010363709881053423,-0.08625975818412279,0.0584341931199901
2.9824619452511607,0.27113290411374186,0.45985222483777627,0.19547444782234255,0.2648115591966699,0.8174588736568524,2022-11-02,TradFi Only,5.334884267696516,0.22228684448735483,0.38993408698007725,0.20788681792445066,0.17551865917214685,0.8760021197211443,TradFi + DeFi,-0.04884605962638702,-0.06991813785769901,0.012412370102108106,-0.08929290002452303,0.05854324606429184
2.9637419102396305,0.2694310827490573,0.452655965419295,0.1985450047329707,0.26102366023245555,0.8137360743175487,2022-11-10,TradFi Only,5.572219219542226,0.2321758008142594,0.4174775566889554,0.21256588723863762,0.17252690430670567,0.8793974044940759,TradFi + DeFi,-0.03725528193479791,-0.03517840873033956,0.01402088250566691,-0.08849675592574988,0.0656613301765272
2.970181506854235,0.2700165006231123,0.44646815279584245,0.20274420948523633,0.26399513741242375,0.8104817847703898,2022-11-11,TradFi Only,5.6618270184041055,0.23590945910017105,0.4240494662899016,0.21514221665980898,0.17898205370491294,0.875066504126504,TradFi + DeFi,-0.03410704152294122,-0.022418686505940866,0.01239800717457265,-0.08501308370751082,0.0645847193561142
2.994067831092926,0.2721879846448114,0.45407052123528807,0.20266856579195977,0.2648315841427214,0.8093053690357208,2022-11-15,TradFi Only,5.610012447424236,0.23375051864267649,0.4165516907527458,0.2155844412721331,0.17864431967048042,0.8715367687553747,TradFi + DeFi,-0.038437466002134935,-0.03751883048254229,0.012915875480173339,-0.08618726447224098,0.06223139971965386
2.9960020740413857,0.27236382491285327,0.4528835709238078,0.20361590961433348,0.26486374127059403,0.809673519244363,2022-11-16,TradFi Only,5.64416070420737,0.23517336267530708,0.42081445471066703,0.2164529660471212,0.17892353988451296,0.8706413497212662,TradFi + DeFi,-0.037190462237546185,-0.03206911621314079,0.012837056432787708,-0.08594020138608108,0.06096783047690313
3.003898610304151,0.2730816918458319,0.4531842383713048,0.20579499965604597,0.26397206391891664,0.8104043181793364,2022-11-17,TradFi Only,5.647594169305955,0.23531642372108144,0.42147474485164876,0.21629334536439077,0.1793159355726471,0.8708181401765932,TradFi + DeFi,-0.03776526812475048,-0.03170949351965602,0.010498345708344792,-0.08465612834626954,0.060413821997256756
3.019235880589225,0.274475989144475,0.45894012032667103,0.20436948253361492,0.26277458713621277,0.8142344889601982,2022-11-18,TradFi Only,5.617127765512755,0.23404699022969813,0.4176063892057922,0.21568703538764605,0.17824682786160784,0.8700791077713028,TradFi + DeFi,-0.04042899891477689,-0.04133373112087885,0.011317552854031132,-0.08452775927460493,0.055844618811104585
2.9459249994163117,0.26781136358330104,0.44289512485675825,0.20160304900112871,0.25960485739669237,0.7981946056411066,2022-11-22,TradFi Only,5.655205243721166,0.23563355182171528,0.4254454556886877,0.21481234295745646,0.17842914163362536,0.870409515101314,TradFi + DeFi,-0.03217781176158577,-0.01744966916807056,0.01320929395632775,-0.08117571576306701,0.07221490946020748
2.967364600641568,0.2697604182401425,0.44517001482550655,0.20596600096835005,0.2586610053960691,0.7965305635692321,2022-11-29,TradFi Only,5.56252572636143,0.23177190526505956,0.41302011408026096,0.2152532247493428,0.17619121818466751,0.8679370673230945,TradFi + DeFi,-0.03798851297508296,-0.032149900745245596,0.009287223780992754,-0.08246978721140161,0.07140650375386237
2.9869087495947735,0.27153715905407033,0.4493197796855342,0.20831779368242984,0.25665372919634416,0.7939707601583228,2022-11-30,TradFi Only,5.500796133341229,0.22919983888921788,0.4053857399913136,0.21379213449160223,0.15727460099495308,0.8676021113636232,TradFi + DeFi,-0.04233732016485245,-0.043934039694220606,0.00547434080917239,-0.09937912820139108,0.0736313512053004
2.992416264378087,0.2720378422161897,0.44993263445209813,0.2065597466642133,0.27097024844945117,0.7876267182462634,2022-12-01,TradFi Only,5.483269200728449,0.22846955003035205,0.40361606805245953,0.21287863388865394,0.16938033246915082,0.8681785729909414,TradFi + DeFi,-0.04356829218583766,-0.0463165663996386,0.006318887224440628,-0.10158991598030034,0.08055185474467796
2.9945175957583556,0.2722288723416687,0.4522730859213626,0.20587944303086414,0.26795074387435086,0.7874939009885382,2022-12-02,TradFi Only,5.455232893101125,0.2273013705458802,0.40180895411202666,0.21181560873784233,0.1546380084175715,0.8892157312977356,TradFi + DeFi,-0.0449275017957885,-0.050464131809335955,0.0059361657069781915,-0.11331273545677936,0.10172183030919735
3.0365960868495665,0.27605418971359696,0.46055248496077,0.2065486970514352,0.26996956944971706,0.7831665328136922,2022-12-06,TradFi Only,5.561559781376252,0.23173165755734382,0.41322703141986145,0.2147730806762998,0.1616811771166862,0.8969692915217117,TradFi + DeFi,-0.04432253215625315,-0.04732545354090856,0.008224383624864606,-0.10828839233303086,0.11380275870801948
2.968221773995132,0.26983834309046656,0.44289328020658336,0.2055829454053454,0.2664295731100146,0.7875913654254586,2022-12-07,TradFi Only,5.580764884634436,0.2325318701931015,0.4204772404023873,0.21361745779524252,0.16004966910186139,0.8827472043267537,TradFi + DeFi,-0.03730647289736505,-0.022416039804196042,0.008034512389897108,-0.1063799040081532,0.09515583890129509
2.965969139258982,0.2696335581144529,0.4392286135598187,0.20502394670371854,0.271365651418043,0.7873059159572133,2022-12-08,TradFi Only,5.57005981395332,0.23208582558138835,0.41637353362463103,0.214809867657462,0.15859432779147364,0.880838868027839,TradFi + DeFi,-0.03754773253306454,-0.02285507993518765,0.009785920953743449,-0.11277132362656933,0.09353295207062562
2.930730811330757,0.2664300737573415,0.4326483839597841,0.20323947175785703,0.2673257646529519,0.7854905182604821,2022-12-09,TradFi Only,5.556100817928026,0.23150420074700107,0.41354101261237614,0.21586728946815958,0.15924778205263335,0.8826997684275477,TradFi + DeFi,-0.03492587301034045,-0.019107371347407975,0.012627817710302552,-0.10807798260031853,0.09720925016706561
3.003958342099244,0.2730871220090222,0.44981163148173153,0.2080562939667984,0.2743865432019119,0.7818838599036262,2022-12-13,TradFi Only,5.5792551627690345,0.23246896511537643,0.4171765578285012,0.21708785389036933,0.17184026465264135,0.8844056179938069,TradFi + DeFi,-0.04061815689364576,-0.03263507365323032,0.009031559923570937,-0.10254627854927056,0.10252175809018071
3.0249293789055147,0.27499357990050133,0.45437825042019814,0.21060549090455008,0.27493401577394017,0.7829798736144072,2022-12-14,TradFi Only,5.619862041297359,0.23416091838738995,0.4219292718682773,0.21868991388858686,0.17362520086167718,0.8848181084080972,TradFi + DeFi,-0.04083266151311138,-0.03244897855192086,0.008084422984036777,-0.10130881491226298,0.10183823479368992
3.1324497166564877,0.2847681560596807,0.47817068428692,0.21569034568086826,0.2616753633636217,0.7789413017756912,2022-12-15,TradFi Only,5.749991882882263,0.2395829951200943,0.438963503699589,0.22033416022525562,0.1751507821752003,0.886160279249888,TradFi + DeFi,-0.04518516093958641,-0.039207180587331025,0.004643814544387365,-0.08652458118842138,0.10721897747419684
3.1716595782159756,0.28833268892872504,0.4852963901706178,0.21752553673009767,0.2701988278762833,0.7758281707928883,2022-12-16,TradFi Only,5.8592920390260606,0.24413716829275253,0.45310837827161576,0.21863939555292503,0.18437654000471682,0.8860182811468125,TradFi + DeFi,-0.04419552063597251,-0.032188011899002056,0.0011138588228273572,-0.08582228787156648,0.11019011035392412
3.158848451555906,0.2871680410505369,0.48144233981339446,0.2198724651623065,0.26875110429315063,0.7744059745171767,2022-12-20,TradFi Only,5.855722250040133,0.24398842708500554,0.45242050436918274,0.2187815740630946,0.18318598936538014,0.8873884318353225,TradFi + DeFi,-0.043179613965531355,-0.02902183544421172,-0.0010908910992118992,-0.0855651149277705,0.11298245731814571
3.1226661275225482,0.2838787388656862,0.47788358350764104,0.21209351239651472,0.27260253103228427,0.7763223354796549,2022-12-21,TradFi Only,5.8709440002480875,0.24462266667700364,0.45390116881708614,0.21882838684107905,0.18223395856364974,0.8886572528687264,TradFi + DeFi,-0.03925607218868257,-0.0239824146905549,0.006734874444564332,-0.09036857246863453,0.11233491738907153
3.129097626115018,0.28446342055591073,0.47958977941222725,0.2123625311014667,0.27113486825068106,0.7750415588201642,2022-12-22,TradFi Only,5.89442287695491,0.2456009532064546,0.45431608883746083,0.22083723067299463,0.1821339086147836,0.8861972543008484,TradFi + DeFi,-0.03886246734945614,-0.025273690574766416,0.008474699571527938,-0.08900095963589746,0.11115569548068416
3.1158839270309002,0.2832621751846273,0.47601585155794346,0.21191490154856676,0.2693767088766602,0.7796695261591048,2022-12-23,TradFi Only,5.886737429493577,0.24528072622889904,0.454448461482416,0.2211739430526975,0.18176483972990742,0.8860874582350762,TradFi + DeFi,-0.037981448955728275,-0.021567390075527437,0.009259041504130733,-0.08761186914675279,0.10641793207597139
3.1247845990352983,0.2840713271850271,0.47711358215955846,0.21227268005468877,0.268364555615965,0.7794516554085127,2022-12-29,TradFi Only,5.880403796571907,0.2450168248571628,0.4535721656998883,0.22103884802831147,0.18198868954979575,0.888505718003797,TradFi + DeFi,-0.03905450232786428,-0.023541416459670172,0.008766167973622702,-0.08637586606616926,0.10905406259528427
3.1247318883900794,0.28406653530818904,0.47615282695939654,0.21304685568362913,0.2678588770704797,0.7825693273821683,2022-12-30,TradFi Only,5.887147964722042,0.24529783186341844,0.4541753750259778,0.2213041510098476,0.1830177266914985,0.8895409989215461,TradFi + DeFi,-0.0387687034447706,-0.021977451933418712,0.008257295326218467,-0.08484115037898118,0.10697167153937781
3.106104120203871,0.28237310183671555,0.4712058093879085,0.212905565186252,0.26559408406474244,0.7827959058371194,2023-01-05,TradFi Only,5.89581568340403,0.24565898680850126,0.45301658858191907,0.22225735994672366,0.18192901525097627,0.8912228863437384,TradFi + DeFi,-0.036714115028214284,-0.018189220805989448,0.009351794760471654,-0.08366506881376617,0.10842698050661892
3.1150155056943176,0.2831832277903925,0.4731726251116074,0.21483486922809994,0.24589016178261833,0.7890035866206336,2023-01-06,TradFi Only,5.877971427586087,0.2449154761494203,0.44931703726552424,0.22359469055130798,0.18026068740342102,0.8912726439836542,TradFi + DeFi,-0.03826775164097221,-0.02385558784608316,0.008759821323208045,-0.0656294743791973,0.10226905736302061
3.1034566968703152,0.28213242698821045,0.4696987616124804,0.21442206254762325,0.24387298426644663,0.7853845211984843,2023-01-11,TradFi Only,5.886157304359869,0.24525655434832785,0.4436960451579446,0.22738655738757524,0.17486504904768263,0.8856160890927703,TradFi + DeFi,-0.036875872639882595,-0.026002716454535835,0.01296449483995199,-0.069007935218764,0.100231567894286
3.1251352772714927,0.28410320702468117,0.47433499205415086,0.2147463368718166,0.24600598174001123,0.8017247926185427,2023-01-12,TradFi Only,5.91994396109059,0.24666433171210791,0.4461467964317025,0.22920108575194426,0.18111145982276766,0.8898531647205272,TradFi + DeFi,-0.037438875312573255,-0.028188195622448342,0.014454748880127655,-0.06489452191724357,0.08812837210198454
3.2376139990181603,0.2943285453652873,0.49961800606718915,0.2217507703524607,0.2572238518814247,0.8078453923728799,2023-01-13,TradFi Only,6.021762613911548,0.25090677557964786,0.46184359771610783,0.22869518062527125,0.1874543712133366,0.8899003273969341,TradFi + DeFi,-0.04342176978563944,-0.03777440835108131,0.006944410272810536,-0.06976948066808811,0.08205493502405425
3.2445564744862994,0.2949596794987545,0.4990038089777772,0.22705284267365633,0.2602705968527423,0.7925394718705951,2023-01-18,TradFi Only,6.018838941987865,0.25078495591616107,0.4584087577831822,0.2311056773864103,0.1878588598048813,0.8839319819287587,TradFi + DeFi,-0.044174723582593445,-0.040595051194595,0.004052834712753972,-0.072411737047861,0.09139251005816351
3.1918657879131414,0.29016961708301287,0.4872642704401149,0.22444026156366942,0.2589928817395586,0.7912040894503918,2023-01-19,TradFi Only,5.958031288511202,0.24825130368796675,0.4518477681866277,0.22952614610185995,0.18886450039981875,0.8859550485939823,TradFi + DeFi,-0.04191831339504612,-0.03541650225348719,0.005085884538190533,-0.07012838133973984,0.09475095914359055
3.200984750089563,0.29099861364450574,0.48967245435598505,0.2243354065812335,0.26309873939823347,0.7942610037956587,2023-01-20,TradFi Only,6.095552074205534,0.2539813364252306,0.4680970908483081,0.23221644601066627,0.18825532649192786,0.8871595935969193,TradFi + DeFi,-0.03701727721927517,-0.02157536350767697,0.007881039429432773,-0.07484341290630561,0.09289858980126064
3.184031639815678,0.28945742180142525,0.48686745098526796,0.22139010590587888,0.261653018633792,0.7955812729030065,2023-01-24,TradFi Only,5.968364911444962,0.24868187131020678,0.4515634402593329,0.22992283268892014,0.18791011986678016,0.887308821147976,TradFi + DeFi,-0.040775550491218476,-0.03530401072593503,0.008532726783041261,-0.07374289876701182,0.09172754824496954
3.192353640953639,0.29021396735942173,0.48926997030128294,0.22080856625507003,0.2603236235315418,0.7923945653983868,2023-01-25,TradFi Only,5.9280884546323875,0.2470036856096828,0.44492151165312277,0.23022594660754017,0.18755299274444273,0.8866508756957744,TradFi + DeFi,-0.04321028174973893,-0.04434845864816017,0.00941738035247014,-0.07277063078709908,0.09425631029738757
3.179308502956482,0.28902804572331653,0.4864009640688422,0.21950303547347852,0.2564383889667169,0.7908371635094236,2023-01-31,TradFi Only,5.854259908475389,0.24392749618647455,0.4358636110016167,0.2280003060272984,0.18578900828376985,0.891415613260333,TradFi + DeFi,-0.04510054953684198,-0.05053735306722551,0.00849727055381988,-0.07064938068294704,0.10057844975090946
3.117204616730146,0.28338223788455874,0.474237455207233,0.21460154244452995,0.24239845146424213,0.7889221598957477,2023-02-01,TradFi Only,5.786997746708238,0.24112490611284323,0.4297108429762377,0.22523660915852778,0.1807164493824688,0.8912630916295432,TradFi + DeFi,-0.042257331771715506,-0.0445266122309953,0.010635066713997832,-0.061682002081773324,0.10234093173379555
3.113598320116213,0.28305439273783756,0.47386094091771996,0.21047940422337796,0.25869881918987353,0.7962365328613529,2023-02-02,TradFi Only,5.8379064772402005,0.2432461032183417,0.4306964492924906,0.23101844445643832,0.18489667032804916,0.8983950834799093,TradFi + DeFi,-0.03980828951949586,-0.04316449162522934,0.020539040233060357,-0.07380214886182437,0.10215855061855639
3.071158640573556,0.27919624005214144,0.462991958065597,0.21107138675835915,0.26740463433795625,0.8373220170802472,2023-02-03,TradFi Only,5.8084298166428585,0.24201790902678577,0.4283570740940349,0.2301782312190829,0.18993154550010838,0.8986186433584475,TradFi + DeFi,-0.03717833102535567,-0.034634883971562114,0.01910684446072375,-0.07747308883784787,0.06129662627820032
3.0533928785130837,0.2775811707739167,0.45880985761924503,0.2094197360371616,0.2664821789660124,0.8367229303460184,2023-02-07,TradFi Only,5.7516559283660404,0.23965233034858502,0.4208976772811376,0.229163506981668,0.1866826966515409,0.89793856046417,TradFi + DeFi,-0.03792884042533168,-0.03791218033810745,0.01974377094450641,-0.07979948231447148,0.061215630118151565
3.048283396950754,0.27711667245006855,0.457550384389858,0.20955767773312567,0.2673214110027898,0.8364773424102607,2023-02-08,TradFi Only,5.7227423512400675,0.23844759796833614,0.4155498282654976,0.22939057425412976,0.18439724489987452,0.8997895557632568,TradFi + DeFi,-0.0386690744817324,-0.04200055612436043,0.01983289652100409,-0.08292416610291525,0.06331221335299608
3.022672395193574,0.2747883995630522,0.4523133100686922,0.2076748401203695,0.2594800192140813,0.8366671569150339,2023-02-09,TradFi Only,5.667874751149974,0.23616144796458224,0.41091816310906126,0.22655074758806584,0.17226546754352412,0.8978436989607134,TradFi + DeFi,-0.03862695159846993,-0.041395146959630924,0.01887590746769635,-0.0872145516705572,0.06117654204567946
3.0252657352861125,0.275024157753283,0.4527088243669298,0.20752760270661852,0.2566022175526456,0.8360986762756039,2023-02-10,TradFi Only,5.751038631510253,0.23962660964626056,0.42206812209478517,0.2281708934783162,0.1809204395188757,0.9018945013818089,TradFi + DeFi,-0.03539754810702242,-0.030640702272144604,0.020643290771697687,-0.07568177803376991,0.06579582510620507
2.9879764618611597,0.27163422380555996,0.4431967147435404,0.2060749269808894,0.259137824651509,0.8292947155699768,2023-02-14,TradFi Only,5.853881972318944,0.24391174884662267,0.43224597832832784,0.23256723430621043,0.18151013276631567,0.9002682315667685,TradFi + DeFi,-0.027722474958937288,-0.010950736415212547,0.02649230732532104,-0.0776276918851933,0.07097351599679169
2.9569654209398575,0.2688150382672598,0.4374297400150786,0.20343056236012091,0.2640090470794705,0.836531666053309,2023-02-15,TradFi Only,5.817258457604502,0.24238576906685425,0.43008145233293177,0.23010842227539996,0.1845643674086306,0.8992506990763519,TradFi + DeFi,-0.02642926920040553,-0.007348287682146848,0.026677859915279045,-0.07944467967083987,0.06271903302304294
2.9604347307107446,0.2691304300646131,0.4417108098448796,0.20120655195068568,0.26485179064333864,0.8379372645302372,2023-02-16,TradFi Only,5.751559822599759,0.23964832594165664,0.42354719133238455,0.22703609779024553,0.17437196402631797,0.9090650657959283,TradFi + DeFi,-0.029482104122956487,-0.01816361851249504,0.025829545839559848,-0.09047982661702067,0.07112780126569107
2.984777962450848,0.2713434511318953,0.4459814598914677,0.20405950049971247,0.2679620908464941,0.8401043603787239,2023-02-17,TradFi Only,5.722095557082761,0.2384206482117817,0.421618918114912,0.22186951177391823,0.18501628777689616,0.9093278393310626,TradFi + DeFi,-0.0329228029201136,-0.024362541776555724,0.017810011274205756,-0.08294580306959792,0.06922347895233871
3.007603712790869,0.27341851934462447,0.45248627066366015,0.20411056652540588,0.2692596978837334,0.8463192050147773,2023-02-22,TradFi Only,5.783680302137365,0.24098667925572356,0.4298597798814169,0.2222879360098939,0.18898363148504918,0.9095630656485711,TradFi + DeFi,-0.032431840088900904,-0.02262649078224327,0.018177369484488032,-0.0802760663986842,0.06324386063379384
2.994835490439918,0.2722577718581744,0.44914850573699305,0.20454546845158764,0.2700157984191676,0.849154110885875,2023-02-28,TradFi Only,5.724136351536291,0.23850568131401215,0.4205940783248329,0.22347468964456246,0.18683287579558047,0.9151830182457734,TradFi + DeFi,-0.033752090544162255,-0.028554427412160133,0.018929221192974827,-0.08318292262358715,0.06602890735989841
2.9938938944534783,0.27217217222304346,0.44866156041858873,0.20357727613119048,0.27192650303227356,0.8477308766349189,2023-03-01,TradFi Only,5.677241533915548,0.2365517305798145,0.41730069890357996,0.22140120152132148,0.19006456128806112,0.9155108821830674,TradFi + DeFi,-0.03562044164322897,-0.031360861515008776,0.017823925390131,-0.08186194174421244,0.06778000554814856
2.962897995451337,0.2693543632228488,0.4408485901643079,0.20068788419194358,0.2554287070734412,0.8505361430550351,2023-03-02,TradFi Only,5.527330204967932,0.23030542520699715,0.39910066961030183,0.21805432314694081,0.15705417041807826,0.9116476509986549,TradFi + DeFi,-0.03904893801585163,-0.04174792055400606,0.017366438954997232,-0.09837453665536292,0.06111150794361975
2.9503352204532014,0.26821229276847286,0.43992277738053925,0.19530804491173742,0.24735052824409173,0.8511208513171982,2023-03-03,TradFi Only,5.469720351891679,0.2279050146621533,0.39729338667613656,0.21333373623075333,0.1759966873953496,0.9100826760563308,TradFi + DeFi,-0.040307278106319566,-0.04262939070440269,0.018025691319015907,-0.07135384084874213,0.058961824739132584
2.939050953585404,0.2671864503259458,0.4373591239509472,0.19649859140093756,0.2497794608218913,0.8493738284503232,2023-03-09,TradFi Only,5.465289335709805,0.22772038898790856,0.39467018284772176,0.2143060861599802,0.16019161992825412,0.9105583545731062,TradFi + DeFi,-0.039466061338037234,-0.042688941103225464,0.01780749475904264,-0.0895878408936372,0.06118452612278302
2.900374133237864,0.26367037574889673,0.4274480688642083,0.19576367341963144,0.2528268783836093,0.8485257988929411,2023-03-10,TradFi Only,5.470151808848906,0.22792299203537106,0.3944281551085993,0.21402361917095586,0.18058389809277972,0.9159736403640846,TradFi + DeFi,-0.03574738371352568,-0.033019913755608976,0.01825994575132442,-0.07224298029082957,0.06744784147114347
2.8770409281325433,0.26154917528477667,0.4228084324621626,0.1916389558392116,0.25128073631986375,0.8523099069306231,2023-03-14,TradFi Only,5.468943279862473,0.22787263666093638,0.3947415733690345,0.2129462533306382,0.1784821588451674,0.9135343392664592,TradFi + DeFi,-0.03367653862384029,-0.028066859093128116,0.021307297491426624,-0.07279857747469634,0.061224432335836076
2.866877551377195,0.2606252319433814,0.42168869874373444,0.19378057677621874,0.26404186382309097,0.8408124950393729,2023-03-15,TradFi Only,5.463211203375356,0.22763380014063983,0.3931654728207533,0.21327119484480508,0.16374876699147806,0.9206014248871042,TradFi + DeFi,-0.032991431802741555,-0.02852322592298112,0.019490618068586346,-0.10029309683161292,0.07978892984773123
2.8548481390509237,0.25953164900462944,0.4211905344097757,0.19404112771135806,0.2653545942296432,0.839460133700538,2023-03-16,TradFi Only,5.424181152585584,0.22600754802439935,0.3892099749273665,0.21277167841242609,0.1566288970178658,0.920776791482608,TradFi + DeFi,-0.03352410098023009,-0.03198055948240924,0.01873055070106802,-0.10872569721177738,0.08131665778207009
2.8249454555179367,0.2568132232289033,0.41527922038381504,0.19109096013404103,0.27049794481368356,0.8473256805225626,2023-03-17,TradFi Only,5.418513759089877,0.22577140662874487,0.388902285140472,0.21243271713751757,0.16005849481215034,0.9206638366699281,TradFi + DeFi,-0.03104181660015845,-0.026376935243343058,0.02134175700347654,-0.11043945000153321,0.0733381561473655
2.785047410186344,0.2531861281987586,0.4051663699075203,0.19007993632550566,0.2648937096734934,0.8488084616772877,2023-03-23,TradFi Only,5.478706744725124,0.22827944769688016,0.40119776586752404,0.21238962836353598,0.18549962131311415,0.920909679101634,TradFi + DeFi,-0.024906680501878414,-0.003968604039996271,0.02230969203803032,-0.07939408836037926,0.07210121742434628
2.8060158693570023,0.2550923517597275,0.40960727316541723,0.19159892663694625,0.2678707223641539,0.8471881367800101,2023-03-24,TradFi Only,5.4974487291745495,0.22906036371560623,0.4042899749483901,0.21170424319879572,0.18550803940082017,0.9218477447261522,TradFi + DeFi,-0.026031988044121268,-0.005317298217027144,0.020105316561849468,-0.08236268296333371,0.07465960794614201
2.808239098801185,0.25529446352738044,0.40972280020485446,0.19221620677596482,0.2687072292926844,0.8483283089190354,2023-03-28,TradFi Only,5.498885233867187,0.22912021807779948,0.4049903010715587,0.2116303292279231,0.18563475682039607,0.9202962769841527,TradFi + DeFi,-0.02617424544958097,-0.0047324991332957644,0.019414122451958282,-0.08307247247228836,0.0719679680651173
2.8239173921710754,0.2567197629246432,0.4121050509989873,0.19414322384503108,0.272660562810351,0.8472920773533612,2023-03-29,TradFi Only,5.480506071728937,0.22835441965537237,0.40138160661276995,0.21240986963738795,0.18512669961724634,0.9190106615756828,TradFi + DeFi,-0.028365343269270843,-0.010723444386217362,0.018266645792356873,-0.08753386319310466,0.07171858422232158
2.7833968137126126,0.2530360739738739,0.40434023578554684,0.19296192324097813,0.2792197265482643,0.8425879144737884,2023-04-06,TradFi Only,5.376348107205993,0.22401450446691637,0.39304547215110575,0.20892772446155886,0.1752491133589953,0.9192741871603487,TradFi + DeFi,-0.02902156950695753,-0.011294763634441096,0.015965801220580722,-0.10397061318926903,0.07668627268656025
2.831029798531294,0.2573663453210267,0.41452271874340846,0.1971047280090653,0.28479308051983965,0.8415261538817378,2023-04-12,TradFi Only,5.393394551197812,0.22472477296657548,0.3934518749393536,0.21108575036958488,0.17321277565053494,0.9190913270893932,TradFi + DeFi,-0.032641572354451226,-0.021070843804054884,0.013981022360519568,-0.1115803048693047,0.07756517320765544
2.865111405156265,0.2604646731960241,0.42394306127318143,0.1971276228735699,0.28454501598582016,0.841859459545125,2023-04-13,TradFi Only,5.308590740982754,0.22119128087428142,0.38385887092596815,0.2109824470901323,0.1849449423997298,0.9173804564163518,TradFi + DeFi,-0.039273392321742706,-0.04008419034721328,0.013854824216562395,-0.09960007358609035,0.07552099687122682
2.8613015904943664,0.26011832640857874,0.4206690593867706,0.198730637497962,0.28456742677056934,0.8480792710093719,2023-04-18,TradFi Only,5.267049751621168,0.21946040631754868,0.3780232084464469,0.21123476323084403,0.18520309945630264,0.9143008153228201,TradFi + DeFi,-0.04065792009103006,-0.04264585094032375,0.012504125732882038,-0.0993643273142667,0.06622154431344829
2.809125143891839,0.2553750130810763,0.4080389768813107,0.19592068861524556,0.28228059186258747,0.8459302357746371,2023-04-19,TradFi Only,5.411783306893173,0.22549097112054886,0.396846318392703,0.21172009921238252,0.183787094664884,0.9143805961089293,TradFi + DeFi,-0.029884041960527435,-0.011192658488607676,0.015799410597136965,-0.09849349719770348,0.06845036033429219
2.822811672583017,0.25661924296209243,0.41434759789315917,0.19468231940212627,0.28828196070230566,0.8413465829076593,2023-04-20,TradFi Only,5.346404216897093,0.2227668423707122,0.3922764245589596,0.20811508916566598,0.1666128142515635,0.9202772667762804,TradFi + DeFi,-0.03385240059138023,-0.022071173334199556,0.013432769763539715,-0.12166914645074217,0.07893068386862112
2.7630125290878436,0.25118295718980393,0.40266633083652364,0.19000275872067798,0.27949900030907165,0.8455263245388945,2023-04-21,TradFi Only,5.175646027549179,0.21565191781454915,0.3758719347645907,0.20400834477130345,0.17584416762885616,0.9179856789310419,TradFi + DeFi,-0.035531039375254786,-0.026794396071932958,0.014005586050625463,-0.1036548326802155,0.07245935439214735
2.745488994120117,0.24958990855637425,0.3986884355865892,0.19012984120402715,0.2801034841704435,0.8383552385926836,2023-04-25,TradFi Only,5.189781144189973,0.21624088100791553,0.379279154626286,0.2017698114309038,0.16890732073075818,0.9364236461037193,TradFi + DeFi,-0.033349027548458726,-0.0194092809603032,0.011639970226876656,-0.11119616343968533,0.09806840751103574
2.751283415074385,0.25011667409767135,0.40165677459688226,0.18846314349203352,0.2814667822430653,0.8376362957191309,2023-04-26,TradFi Only,5.1952527843646825,0.2164688660151951,0.378903014769816,0.20131498309860987,0.17468705824365557,0.9447517557494333,TradFi + DeFi,-0.03364780808247625,-0.022753759827066233,0.012851839606576348,-0.10677972399940974,0.10711546003030237
2.7623028080091565,0.2511184370917415,0.4046550592462221,0.18884087118707166,0.2826250340818181,0.8404523019871891,2023-04-27,TradFi Only,5.1788577603968005,0.21578574001653336,0.37622293257533207,0.20225982099556297,0.17582398396077217,0.9485877666850158,TradFi + DeFi,-0.035332697075208114,-0.028432126670890012,0.013418949808491315,-0.10680105012104593,0.10813546469782664
2.747438663377924,0.2497671512161749,0.40118905615029227,0.18983334951616337,0.2759936681105951,0.8404304760421701,2023-04-28,TradFi Only,5.118836504377464,0.213284854349061,0.36923955550196813,0.20167590332175162,0.1643437732782685,0.9476372070042912,TradFi + DeFi,-0.036482296867113906,-0.031949500648324136,0.01184255380558824,-0.11164989483232662,0.10720673096212108
2.7477602836857025,0.24979638942597296,0.4016806722817284,0.18978055061222182,0.2757593031321209,0.8423948617108732,2023-05-10,TradFi Only,5.125828591814842,0.21357619132561842,0.36925471146093025,0.2025080644500216,0.16570615945503853,0.9478609280447869,TradFi + DeFi,-0.03622019810035454,-0.03242596082079813,0.01272751383779977,-0.11005314367708235,0.10546606633391375
2.7479658667780464,0.24981507879800421,0.4053934295368181,0.18801272882394643,0.2771244699348785,0.8159016656374228,2023-05-11,TradFi Only,5.174459462763144,0.215602477615131,0.3750288598201585,0.2039409438493193,0.16375302449860088,0.9481448659913352,TradFi + DeFi,-0.034212601182873226,-0.03036456971665963,0.015928215025372866,-0.11337144543627761,0.13224320035391235
2.7550472230490866,0.25045883845900785,0.4082909417057498,0.18595152663541703,0.28490381687573596,0.8153861648035939,2023-05-12,TradFi Only,5.210668650415561,0.21711119376731502,0.37867412653271176,0.20528697617884945,0.16151065840219747,0.9487657991185933,TradFi + DeFi,-0.033347644691692824,-0.029616815173038047,0.019335449543432415,-0.12339315847353849,0.13337963431499933
2.774530546514461,0.25223004968313284,0.40777096880346436,0.18918941504326098,0.2843492642445086,0.8190646039940886,2023-05-16,TradFi Only,5.23301131813735,0.2180421382557229,0.3796497610667228,0.20740522879517673,0.17186985114677125,0.9490903819530638,TradFi + DeFi,-0.03418791142740993,-0.028121207736741538,0.01821581375191575,-0.11247941309773737,0.13002577795897519
2.5437095131800134,0.2312463193800012,0.35556107088251343,0.177967048370936,0.2734446392010293,0.8140413714255019,2023-05-17,TradFi Only,5.225544803067365,0.2177310334611402,0.3868357398876396,0.20164888293578495,0.18462977193540606,0.9487362114242468,TradFi + DeFi,-0.013515285918861003,0.031274669005126154,0.023681834564848958,-0.08881486726562324,0.13469483999874488
2.524064328250288,0.2294603934772989,0.3497642563701773,0.18013542946515182,0.26200842749351627,0.8122414450611158,2023-05-18,TradFi Only,5.2155038675980725,0.21731266114991968,0.38791853447258184,0.20107287389000458,0.18484854632232328,0.9199180515902943,TradFi + DeFi,-0.01214773232737923,0.03815427810240457,0.020937444424852764,-0.07715988117119299,0.10767660652917843
2.5136850262742136,0.22851682057038306,0.3465675074170362,0.17779209989261469,0.24799244892180497,0.8164582507327083,2023-05-19,TradFi Only,5.236041843292239,0.2181684101371766,0.39044666363772385,0.20074769534957543,0.18517504608733745,0.9195564729432057,TradFi + DeFi,-0.010348410433206445,0.043879156220687665,0.022955595456960742,-0.06281740283446752,0.10309822221049747
2.5177151469164722,0.22888319517422476,0.3458888428635087,0.17917697804700286,0.25412160042758364,0.8159772729544047,2023-05-23,TradFi Only,5.225978995841603,0.21774912482673348,0.3885938862178922,0.2004960845944956,0.18512165269930558,0.92035920274506,TradFi + DeFi,-0.011134070347491282,0.04270504335438352,0.02131910654749275,-0.06899994772827805,0.1043819297906553
2.589056579680738,0.23536877997097616,0.36688410653076015,0.1751076025158254,0.27731144280029096,0.8063818872503521,2023-05-24,TradFi Only,5.39899517770054,0.22495813240418916,0.40510338706853144,0.20302235795852178,0.18446764603416485,0.9206772880877303,TradFi + DeFi,-0.010410647566787001,0.038219280537771294,0.027914755442696365,-0.09284379676612611,0.11429540083737821
2.5866329364144,0.23514844876494545,0.3661506113813994,0.17630075816175889,0.2798723820482745,0.8084530170439201,2023-05-25,TradFi Only,5.365580347183683,0.22356584779932012,0.400067615175352,0.20323437191783375,0.18362374630694844,0.9209128176078248,TradFi + DeFi,-0.011582600965625328,0.03391700379395257,0.026933613756074865,-0.09624863574132608,0.1124598005639047
2.615395396610995,0.2377632178737268,0.3712056390126881,0.1792733119952688,0.26491315868187937,0.8015997382455327,2023-05-26,TradFi Only,5.398033333235863,0.22491805555149427,0.40277740562854714,0.20548093671581558,0.184217244714745,0.9210771692357775,TradFi + DeFi,-0.01284516232223254,0.03157176661585903,0.026207624720546774,-0.08069591396713438,0.11947743099024488
2.6283426608711324,0.23894024189737567,0.37189745380153305,0.18143229430523106,0.25148066770424304,0.8028142432023946,2023-05-31,TradFi Only,5.469339894952269,0.2278891622896779,0.4114946763757053,0.2076102418403746,0.18418037653402997,0.9207542913564303,TradFi + DeFi,-0.011051079607697772,0.03959722257417225,0.026177947535143548,-0.06730029117021308,0.11794004815403569
2.6538521349083513,0.2412592849916683,0.3783595570291567,0.18234953448839436,0.25023315343406344,0.8016075880163853,2023-06-01,TradFi Only,5.425940488803227,0.22608085370013445,0.40766308511649463,0.204953785909643,0.18412155980329536,0.9126895647918687,TradFi + DeFi,-0.015178431291533845,0.029303528087337938,0.02260425142124864,-0.06611159363076807,0.11108197677548337
2.6499255654989375,0.24090232413626705,0.37710880533485724,0.18066890120721982,0.2591950891309574,0.8002350381735117,2023-06-02,TradFi Only,5.315274914771669,0.2214697881154862,0.39341527068392734,0.20191899892005374,0.18307534384864402,0.9124858107930445,TradFi + DeFi,-0.01943253602078085,0.0163064653490701,0.021250097712833926,-0.07611974528231338,0.11225077261953276
2.6645362889138955,0.24223057171944504,0.3806168426382734,0.17994785644316225,0.256100197267098,0.7971409206823952,2023-06-06,TradFi Only,5.351571790099147,0.22298215792079779,0.40030672760378533,0.2009899309209742,0.18375661766792784,0.9150976378076071,TradFi + DeFi,-0.01924841379864725,0.01968988496551194,0.02104207447781195,-0.07234357959917015,0.11795671712521194
2.6548244696749816,0.24134767906136198,0.3802298659964206,0.17918596794643502,0.2715391693219837,0.798882810637772,2023-06-07,TradFi Only,5.43642031970055,0.22651751332085623,0.4118023109926118,0.20174486442324735,0.18148311743841364,0.9170968830529505,TradFi + DeFi,-0.014830165740505746,0.03157244499619116,0.022558896476812335,-0.09005605188357005,0.11821407241517845
2.6465760160714447,0.24059781964285862,0.3778583740738919,0.18125019007449827,0.27210633661153544,0.7969567969612508,2023-06-08,TradFi Only,5.4412587244394715,0.2267191135183113,0.4121934456757367,0.202618144881595,0.18165469540898918,0.9197176317077632,TradFi + DeFi,-0.013878706124547308,0.03433507160184479,0.021367954807096717,-0.09045164120254626,0.12276083474651245
2.6886857562198463,0.24442597783816786,0.3895348582333527,0.1824552949723628,0.2823942615742993,0.7986310189906379,2023-06-09,TradFi Only,5.039117831687613,0.20996324298698388,0.3721100511763868,0.1868056646103207,0.17662851312570607,0.9158242222448292,TradFi + DeFi,-0.03446273485118398,-0.01742480705696592,0.0043503696379579015,-0.10576574844859324,0.11719320325419125
2.662595141127686,0.24205410373888056,0.38496029742709653,0.18264765229223687,0.24090966080606083,0.8020765086214627,2023-06-13,TradFi Only,5.003423981443491,0.20847599922681212,0.37299550097131623,0.18393829518544844,0.18218210371677587,0.9234314475072182,TradFi + DeFi,-0.03357810451206844,-0.011964796455780302,0.0012906428932115688,-0.058727557089284954,0.12135493888575544
2.666027993232624,0.2423661812029658,0.38694276319106397,0.18191764957726694,0.24248019728319428,0.8099534568613476,2023-06-14,TradFi Only,4.964719849110305,0.20686332704626273,0.36909740595840396,0.1826914772514013,0.18065078540861304,0.9337891568045216,TradFi + DeFi,-0.03550285415670307,-0.01784535723266001,0.0007738276741343642,-0.06182941187458124,0.123835699943174
2.6571486871647263,0.24155897156042966,0.38547524717554116,0.18206428859809953,0.24870403750795855,0.8086436645233896,2023-06-15,TradFi Only,4.902742603401084,0.2042809418083785,0.36349300726928074,0.180150347970706,0.1816421845573979,0.937992377856904,TradFi + DeFi,-0.03727802975205116,-0.021982239906260415,-0.0019139406273935289,-0.06706185295056066,0.1293487133335144
2.6528120478042903,0.24116473161857185,0.3853370809198024,0.18060151801418603,0.25592397570305275,0.8072309013357616,2023-06-16,TradFi Only,4.904435384273389,0.20435147434472456,0.3647343460464727,0.1792101232071948,0.18117853489701788,0.9377686454287768,TradFi + DeFi,-0.036813257273847294,-0.020602734873329698,-0.0013913948069912419,-0.07474544080603487,0.13053774409301522
2.647366860536547,0.24066971459423153,0.3849869977557651,0.1790575450198515,0.25609510092124343,0.8043550858163017,2023-06-21,TradFi Only,4.94869617462998,0.20619567394291582,0.3721643969857785,0.17852156465221913,0.18108565026236234,0.9401416387085941,TradFi + DeFi,-0.03447404065131571,-0.012822600769986592,-0.0005359803676323605,-0.0750094506588811,0.13578655289229247
2.6581859105541246,0.2416532645958295,0.3894386540798682,0.1772075761903113,0.2613591781813732,0.8078697984082137,2023-06-22,TradFi Only,4.857210367134248,0.20238376529726032,0.35812360426558515,0.17739981162557247,0.18045382777741892,0.9443988951751103,TradFi + DeFi,-0.03926949929856918,-0.03131504981428307,0.00019223543526117326,-0.0809053504039543,0.13652909676689662
2.7124916933011263,0.24659015393646602,0.40145365767332314,0.18004116291696334,0.2666140289220764,0.8053929917746927,2023-06-23,TradFi Only,4.881966971977021,0.20341529049904253,0.3602202124704765,0.178178013245482,0.1747003561873446,0.9439718462367201,TradFi + DeFi,-0.043174863437423494,-0.041233445202846664,-0.0018631496714813511,-0.0919136727347318,0.13857885446202745
2.6839805219175465,0.24399822926523151,0.39484059013102135,0.17810593835427868,0.2686077965800357,0.8058030534099873,2023-06-27,TradFi Only,4.881768297955968,0.20340701241483197,0.36241859643026697,0.17608249852166918,0.15731138879809162,0.941851032256184,TradFi + DeFi,-0.04059121685039954,-0.03242199370075438,-0.002023439832609497,-0.11129640778194408,0.1360479788461968
2.6851698282134886,0.24410634801940806,0.3949691664060102,0.18009333398167157,0.2558022607767382,0.788150603224052,2023-06-28,TradFi Only,4.9604769964546005,0.2066865415189417,0.3715818146355671,0.17911705648476015,0.15935813736836815,0.9432758452473151,TradFi + DeFi,-0.03741980650046636,-0.0233873517704431,-0.0009762774969114263,-0.09644412340837002,0.15512524202326317
2.732339356830592,0.24839448698459926,0.40910955575096214,0.18205122200345225,0.26831255329025383,0.7945739599047235,2023-07-06,TradFi Only,4.931776616174822,0.2054906923406176,0.36748644776248546,0.18002451166124744,0.1573955075078726,0.9437509273101443,TradFi + DeFi,-0.04290379464398167,-0.04162310798847668,-0.002026710342204807,-0.11091704578238124,0.14917696740542086
2.684217915701411,0.2440198105183101,0.3968752889700843,0.18054495718256683,0.26404671351668485,0.7977559891968243,2023-07-07,TradFi Only,4.977905514307213,0.20741272976280054,0.37411933540224784,0.18086947444334137,0.16017713631133265,0.9441117388355317,TradFi + DeFi,-0.03660708075550956,-0.02275595356783644,0.00032451726077453724,-0.1038695772053522,0.14635574963870734
2.6926317991522817,0.24478470901384378,0.3990488965950018,0.18130007035603227,0.2677479601884951,0.7951577991653046,2023-07-11,TradFi Only,4.981057000844642,0.2075440417018601,0.3746306305043122,0.18143630496030166,0.16034605544760208,0.9442320214425323,TradFi + DeFi,-0.037240667311983666,-0.02441826609068959,0.00013623460426939737,-0.10740190474089303,0.14907422227722766
2.7245309525578874,0.24768463205071703,0.4068642134162548,0.1836600028081979,0.2729246544231823,0.7988743898128625,2023-07-12,TradFi Only,4.943032286176154,0.2059596785906731,0.3703898347592971,0.18001349174483142,0.1587860758162247,0.9441275977074881,TradFi + DeFi,-0.04172495346004393,-0.036474378656957684,-0.00364651106336647,-0.11413857860695761,0.1452532078946256
2.793094458468221,0.25391767804256554,0.4226790655964115,0.18921097357147182,0.27861913738357474,0.7915335480531817,2023-07-13,TradFi Only,4.87799277066094,0.20324969877753918,0.3703803616497773,0.17762903554973256,0.15405798306815632,0.9445218551134033,TradFi + DeFi,-0.050667979265026364,-0.05229870394663422,-0.011581938021739263,-0.12456115431541842,0.1529883070602216
2.732383747269331,0.24839852247903008,0.4093547448094688,0.18326548447521904,0.2760080023567744,0.787561309105356,2023-07-14,TradFi Only,4.774919614604795,0.19895498394186648,0.36314173155618357,0.1745449180016889,0.15346162092978358,0.945169404355864,TradFi + DeFi,-0.0494435385371636,-0.04621301325328525,-0.008720566473530145,-0.12254638142699084,0.157608095250508
2.718511071141893,0.24713737010380846,0.40688262717213797,0.18314521011202292,0.2753884012197935,0.7892465956318783,2023-07-19,TradFi Only,4.753245296163284,0.19805188734013682,0.36094143209221696,0.17446588894537945,0.15561881266219552,0.9442764598719686,TradFi + DeFi,-0.04908548276367164,-0.045941195079921004,-0.008679321166643467,-0.119769588557598,0.15502986424009035
2.608859022442769,0.2371690020402517,0.38208949209525916,0.1810632489626496,0.2777460204657745,0.7823370115847759,2023-07-20,TradFi Only,4.76862529837161,0.19869272076548375,0.3673081918218614,0.17246296647129009,0.15706364471336617,0.9443765760126873,TradFi + DeFi,-0.03847628127476796,-0.014781300273397746,-0.008600282491359523,-0.12068237575240834,0.16203956442791145
2.547812100153129,0.23161928183210262,0.3671675461451457,0.17369968332252944,0.27857599018005286,0.7842492495671121,2023-07-21,TradFi Only,4.802210186650345,0.20009209111043103,0.3826045741920364,0.1671872490815732,0.16237272184910012,0.9454631318595454,TradFi + DeFi,-0.031527190721671594,0.015437028046890733,-0.006512434240956239,-0.11620326833095274,0.16121388229243339
2.5677113529908393,0.23342830481734902,0.37254533497405135,0.1725040219857096,0.2788203001077659,0.7773020846376838,2023-07-25,TradFi Only,4.779934654965747,0.19916394395690615,0.37939683847545463,0.16658715932544188,0.16257718236359783,0.945901341991598,TradFi + DeFi,-0.03426436086044288,0.006851503501403289,-0.005916862660267724,-0.11624311774416804,0.16859925735391423
2.553539870854489,0.23213998825949902,0.368003651634374,0.17258442697494758,0.2756769526221223,0.777623843947334,2023-07-26,TradFi Only,4.768431074765658,0.19868462811523577,0.3788433394151281,0.1667273737339115,0.1633760499009349,0.9452727776116585,TradFi + DeFi,-0.03345536014426326,0.010839687780754115,-0.005857053241036081,-0.11230090272118737,0.16764893366432454
2.4829578345990395,0.2257234395090036,0.35293563780175224,0.16799876458259755,0.2642519421805208,0.7807706626960542,2023-07-27,TradFi Only,4.770730337316252,0.1987804307215105,0.3809096466249758,0.16528981694129816,0.16278650608625492,0.9452863162368803,TradFi + DeFi,-0.02694300878749309,0.02797400882322354,-0.002708947641299392,-0.10146543609426587,0.1645156535408261
2.475048103904914,0.22500437308226492,0.3539497199407916,0.1650860040312314,0.2553763399325408,0.7794888484344176,2023-07-28,TradFi Only,4.764575818048468,0.19852399241868615,0.3806239302584038,0.16482291828886173,0.16236076439756772,0.945249770462528,TradFi + DeFi,-0.026480380663578773,0.02667421031761219,-0.000263085742369662,-0.09301557553497306,0.16576092202811044
2.4991844492184647,0.2271985862925877,0.35973544323811124,0.1660228719144277,0.26830748614283356,0.7861817142287119,2023-08-01,TradFi Only,4.744905162005844,0.1977043817502435,0.37854473086617807,0.16405162678234786,0.16232421983460008,0.9404473798339511,TradFi + DeFi,-0.02949420454234422,0.01880928762806683,-0.0019712451320798297,-0.10598326630823349,0.15426566560523924
2.644893765497936,0.2404448877725396,0.39292787751237174,0.17444847631328386,0.26925742915045214,0.7839158309121724,2023-08-02,TradFi Only,4.718920570934379,0.1966216904555991,0.37002534586211233,0.16763793204350025,0.16124903250389067,0.9368023564972967,TradFi + DeFi,-0.04382319731694051,-0.022902531650259406,-0.006810544269783614,-0.10800839664656148,0.15288652558512428
2.6721383544970227,0.24292166859063843,0.39908284588144904,0.17550785346515063,0.2726492909180514,0.7806707005086136,2023-08-03,TradFi Only,4.668508484610501,0.19452118685877087,0.3622732820308394,0.16713138427550395,0.15995283895980159,0.9346386498816898,TradFi + DeFi,-0.04840048173186756,-0.03680956385060963,-0.008376469189646685,-0.11269645195824982,0.15396794937307612
2.6976535705447975,0.24524123368589068,0.4053244412231911,0.1795303400573775,0.27757769972766966,0.7756490604342108,2023-08-04,TradFi Only,4.651884730313394,0.19382853042972473,0.3602823593033102,0.16726950235614396,0.1595197283293485,0.9292245587260995,TradFi + DeFi,-0.051412703256165954,-0.045042081919880905,-0.01226083770123354,-0.11805797139832117,0.15357549829188877
2.690121527801652,0.24455650252742292,0.4042567269648899,0.1786581020055835,0.27914896525199556,0.7779279437084952,2023-08-08,TradFi Only,4.652459109020731,0.19385246287586377,0.36273318229012175,0.1654923973277086,0.1598407038675726,0.9272402919558622,TradFi + DeFi,-0.050704039651559146,-0.041523544674768154,-0.013165704677874895,-0.11930826138442296,0.14931234824736705
2.660436448659505,0.2418578589690459,0.39633295382803313,0.1781829397047051,0.27729842545025396,0.7730554958978078,2023-08-09,TradFi Only,4.735239087115162,0.19730162862979841,0.37511509311623303,0.1665893463991052,0.16048576603651002,0.924398207927019,TradFi + DeFi,-0.04455623033924749,-0.021217860711800096,-0.01159359330559992,-0.11681265941374394,0.15134271202921123
2.6486286024554606,0.24078441840504186,0.3935875839874791,0.17799315222891343,0.2717050249216399,0.7703157178291635,2023-08-10,TradFi Only,4.757017559033388,0.19820906495972448,0.3802216828852242,0.16629735740978174,0.1612713672817386,0.9228529704755012,TradFi + DeFi,-0.04257535344531738,-0.01336590110225494,-0.011695794819131689,-0.11043365763990129,0.15253725264633766
2.692646568012615,0.24478605163751047,0.4036929043753923,0.18077149670754467,0.2714832853726454,0.7639964446388432,2023-08-17,TradFi Only,4.606171240768907,0.19192380169870446,0.35319800767141263,0.1664297500456976,0.15734775641360782,0.9250943490504382,TradFi + DeFi,-0.052862249938806005,-0.050494896703979664,-0.014341746661847066,-0.11413552895903756,0.161097904411595
2.693576204082427,0.24487056400749338,0.4060895077016652,0.17932694383602527,0.2770278442361419,0.7608986225595118,2023-08-18,TradFi Only,4.467754116584255,0.18615642152434397,0.3300814546716142,0.16384434461561004,0.13991302792959162,0.9217952858026374,TradFi + DeFi,-0.058714142483149406,-0.07600805303005098,-0.015482599220415227,-0.13711481630655029,0.16089666324312557
2.681787548845458,0.2437988680768598,0.40353716873341466,0.17812577659042003,0.2751278131696999,0.7609358822950196,2023-08-22,TradFi Only,4.521782239518184,0.18840759331325765,0.34000552184120997,0.1630036156052127,0.15194722951528258,0.921096039624788,TradFi + DeFi,-0.055391274763602144,-0.0635316468922047,-0.015122160985207328,-0.12318058365441734,0.1601601573297684
2.6901145897807965,0.24455587179825422,0.4078466926757587,0.17414428766922002,0.2733680060431056,0.7668976728790012,2023-08-23,TradFi Only,4.548536738671103,0.18952236411129597,0.3435935409115127,0.16283144597978932,0.1562956738155702,0.9214121203199621,TradFi + DeFi,-0.05503350768695825,-0.06425315176424601,-0.011312841689430697,-0.11707233222753544,0.15451444744096088
2.681929647491423,0.2438117861355839,0.40550451490770956,0.17391990679029853,0.2738922446538038,0.7657256677000724,2023-08-24,TradFi Only,4.524604188865292,0.18852517453605386,0.3406709576841773,0.1616351269034182,0.15613003635603714,0.9220227037492732,TradFi + DeFi,-0.05528661159953005,-0.06483355722353223,-0.012284779886880343,-0.11776220829776665,0.15629703604920075
2.691144117590526,0.24464946523550238,0.40761115253831154,0.1734393149296529,0.27822787836351637,0.7643789700456337,2023-08-25,TradFi Only,4.467972877480758,0.18616553656169824,0.33312104223643907,0.16103449576031034,0.15331536581082092,0.9187693092579696,TradFi + DeFi,-0.05848392867380414,-0.07449011030187247,-0.012404819169342551,-0.12491251255269545,0.15439033921233591
2.703183955359552,0.24574399594177745,0.41034052583830033,0.17440341706596088,0.2786658397494215,0.7633113255231926,2023-08-30,TradFi Only,4.528338982185008,0.1886807909243753,0.340891411599566,0.1623775328677108,0.15464157532723832,0.9209148644886122,TradFi + DeFi,-0.05706320501740214,-0.06944911423873434,-0.01202588419825007,-0.12402426442218317,0.15760353896541957
2.635847787221241,0.23962252611102192,0.3940183589687652,0.16789320651185627,0.27333534386751307,0.7672082599251174,2023-08-31,TradFi Only,4.510530614873268,0.1879387756197195,0.3413676796432707,0.1576568012459347,0.16199112902659527,0.9175122838406644,TradFi + DeFi,-0.051683750491302416,-0.0526506793254945,-0.010236405265921567,-0.1113442148409178,0.15030402391554698
2.681251663402616,0.24375015121841964,0.41501762377429985,0.16146469990248621,0.2668371275278013,0.750663824099427,2023-09-01,TradFi Only,4.546777210533234,0.18944905043888474,0.3467849834233356,0.15798430062140273,0.1641181614455456,0.9191398697960852,TradFi + DeFi,-0.0543011007795349,-0.06823264035096427,-0.003480399281083485,-0.1027189660822557,0.1684760456966582
2.6879115931242756,0.24435559937493415,0.4158523943540319,0.16376712706878713,0.26938489684925043,0.7551105876112653,2023-09-06,TradFi Only,4.531349595104682,0.18880623312936173,0.3447172427659735,0.1579322360996771,0.16387661883460183,0.9180126074044853,TradFi + DeFi,-0.05554936624557241,-0.07113515158805839,-0.005834890969110024,-0.1055082780146486,0.16290201979322005
2.6857163630413665,0.2441560330037606,0.4152546282955784,0.16401024640155515,0.2692242153436002,0.7486152853694453,2023-09-07,TradFi Only,4.5027642624421045,0.18761517760175436,0.34144163038698977,0.1573969673156305,0.16706633803518453,0.9163876253239082,TradFi + DeFi,-0.056540855402006235,-0.07381299790858864,-0.006613279085924656,-0.10215787730841566,0.16777233995446283
2.680888644123475,0.24371714946577044,0.4140819734398067,0.16424886473443678,0.26924299795790135,0.750286638952835,2023-09-08,TradFi Only,4.5544433553166135,0.18976847313819223,0.3499153247593013,0.1581461364810008,0.1655261552278447,0.9164633816914407,TradFi + DeFi,-0.053948676327578216,-0.06416664868050537,-0.006102728253435996,-0.10371684273005666,0.16617674273860572
2.675825990886925,0.24325690826244772,0.4133631541557575,0.16420254225131653,0.27019656441353784,0.7496900700351308,2023-09-12,TradFi Only,4.636542692203614,0.19318927884181725,0.3626443314134706,0.15774715502635545,0.1650190471502771,0.9157644290247435,TradFi + DeFi,-0.05006762942063048,-0.050718822742286895,-0.006455387224961084,-0.10517751726326074,0.16607435898961276
2.669081215350813,0.24264374685007392,0.41158367170064647,0.1642475392749751,0.2689169363559886,0.7468075906746281,2023-09-13,TradFi Only,4.620922776659417,0.19253844902747572,0.3609547459990916,0.15698058785421157,0.16392800957310763,0.9192303232106181,TradFi + DeFi,-0.050105297822598205,-0.05062892570155486,-0.007266951420763529,-0.10498892678288099,0.17242273253599005
2.695261205343866,0.24502374594035145,0.4164017098830701,0.1680414383654723,0.26769220429261353,0.7464800154554341,2023-09-14,TradFi Only,4.732655832262829,0.1971939930109512,0.37723843822879344,0.16076061177632678,0.1635589738675394,0.918638369185014,TradFi + DeFi,-0.047829752929400254,-0.03916327165427669,-0.007280826589145528,-0.10413323042507414,0.17215835372957988
2.686941061382677,0.24426736921660702,0.4138502123219608,0.16736755929405311,0.2639500303715845,0.7595691176816769,2023-09-15,TradFi Only,4.62321525875553,0.19263396911481376,0.36245830964939163,0.16078646044065759,0.16718585473577804,0.9111117030762451,TradFi + DeFi,-0.051633400101793264,-0.051391902672569156,-0.006581098853395528,-0.09676417563580644,0.15154258539456822
2.779072029157335,0.2526429117415759,0.4360772162559188,0.17516247842593433,0.27343610443590155,0.7593715127933949,2023-09-21,TradFi Only,4.648935531189946,0.1937056471329144,0.3647910329261065,0.16372975891152897,0.17092316604870117,0.9110444083641576,TradFi + DeFi,-0.05893726460866147,-0.07128618332981229,-0.01143271951440536,-0.10251293838720038,0.1516728955707627
2.7585790443696117,0.25077991312451015,0.4318859292794488,0.1726013654237293,0.27382415152587164,0.7683787901368185,2023-09-22,TradFi Only,4.688464853908067,0.19535270224616944,0.3710509199538798,0.16388922394031172,0.17123975347884723,0.9107404885330648,TradFi + DeFi,-0.05542721087834071,-0.06083500932556901,-0.00871214148341759,-0.1025843980470244,0.14236169839624624
2.7958391539520053,0.2541671958138187,0.4414205823809269,0.17600873698673986,0.2765482359010468,0.7650446553526309,2023-09-26,TradFi Only,4.707158497714442,0.19613160407143507,0.37365102642565734,0.1639709388723276,0.1720659861562501,0.9098851192423816,TradFi + DeFi,-0.058035591742383624,-0.06776955595526957,-0.012037798114412246,-0.10448224974479672,0.1448404638897507
2.7943289983285826,0.25402990893896205,0.43939642608503926,0.17805537317300094,0.2766228987695944,0.7631955081771258,2023-09-27,TradFi Only,4.6770222381787345,0.1948759265907806,0.36899489617525527,0.16409733797061332,0.1718939870438653,0.9098487924576322,TradFi + DeFi,-0.05915398234818145,-0.07040152990978399,-0.013958035202387614,-0.1047289117257291,0.1466532842805064
2.7839702382111255,0.25308820347373867,0.43622321996392804,0.17684554006969175,0.27862842428369505,0.7741150586774324,2023-09-28,TradFi Only,4.6185012987240315,0.1924375541135013,0.361962971256209,0.16065230727894453,0.1722316355546674,0.9114926609046261,TradFi + DeFi,-0.06065064936023737,-0.07426024870771902,-0.01619323279074722,-0.10639678872902766,0.13737760222719375
2.747356141875054,0.24975964926136854,0.4289681120295546,0.17232691539758369,0.2814449467861368,0.7745563738569008,2023-09-29,TradFi Only,4.67543589109571,0.1948098287956546,0.36716233009143706,0.16411731951375044,0.17287370033539987,0.9123011094185973,TradFi + DeFi,-0.05494982046571395,-0.06180578193811753,-0.008209595883833243,-0.10857124645073693,0.13774473556169653
2.7653573393332014,0.25139612175756376,0.4321090808839658,0.17387441306130888,0.2832055649042734,0.7749480664619247,2023-10-04,TradFi Only,4.7378161764623545,0.19740900735259811,0.3782005914157038,0.16385421420571647,0.17117088494947474,0.9143950255560614,TradFi + DeFi,-0.05398711440496565,-0.053908489468262044,-0.01002019885559241,-0.11203467995479865,0.13944695909413674
2.8131389312244064,0.2557399028385824,0.44694894093738924,0.17966667223636715,0.28590139689445465,0.775596578818454,2023-10-05,TradFi Only,4.799170017205655,0.19996541738356896,0.38867554980758473,0.16616877135197947,0.17282294159593806,0.9158894407453597,TradFi + DeFi,-0.05577448545501343,-0.05827339112980451,-0.013497900884387681,-0.1130784552985166,0.1402928619269057
2.921941351177996,0.2656310319252724,0.47233291051098486,0.18685794465910913,0.2865322045022832,0.776569763243842,2023-10-06,TradFi Only,4.910306230530962,0.20459609293879008,0.40155471498363826,0.17011647506192626,0.1745543603701117,0.9162505410866328,TradFi + DeFi,-0.061034938986482296,-0.0707781955273466,-0.016741469597182868,-0.11197784413217152,0.13968077784279087
2.9566852413550557,0.26878956739591414,0.4821406154303655,0.18785740815092639,0.28310473366971844,0.7779967220275422,2023-10-11,TradFi Only,4.872348418892012,0.20301451745383384,0.3970130721418419,0.16820159342422328,0.17369452926910403,0.9130817970198494,TradFi + DeFi,-0.0657750499420803,-0.08512754328852362,-0.019655814726703108,-0.10941020440061441,0.13508507499230715
2.9835612055634453,0.27123283686940414,0.48824501326735215,0.19015867811960244,0.283987388906303,0.7796042319455292,2023-10-12,TradFi Only,4.855455593983295,0.20231064974930393,0.39306738599142504,0.16826661346692962,0.1751467733331861,0.9143914217574303,TradFi + DeFi,-0.0689221871201002,-0.0951776272759271,-0.02189206465267282,-0.10884061557311689,0.13478718981190108
2.8948418417090824,0.26316744015537114,0.4638784951387994,0.18050575283517686,0.2807160648286303,0.7893777267397781,2023-10-13,TradFi Only,4.835301994154036,0.20147091642308482,0.39108375942678886,0.1671397666285066,0.17345521384033902,0.9171147083647098,TradFi + DeFi,-0.06169652373228632,-0.07279473571201056,-0.01336598620667026,-0.1072608509882913,0.12773698162493163
2.9202801624181323,0.26548001476528477,0.4699111308698665,0.18474551466902023,0.28078753340227885,0.7905106192287771,2023-10-17,TradFi Only,4.816912882909934,0.20070470345458058,0.38701569772029765,0.16810378004603618,0.17414594377607573,0.9191042368180768,TradFi + DeFi,-0.06477531131070419,-0.08289543314956888,-0.016641734622984045,-0.10664158962620313,0.12859361758929977
2.9068730959311444,0.26426119053919495,0.467139844282192,0.1820384837240764,0.27857129988160845,0.787543165167619,2023-10-18,TradFi Only,4.730424313343757,0.1971010130559899,0.37427272150234125,0.1667264338824284,0.17403415557481172,0.9182332072823329,TradFi + DeFi,-0.06716017748320505,-0.09286712277985076,-0.015312049841648023,-0.10453714430679673,0.1306900421147139
2.9244315605484865,0.265857414595317,0.4710314002620276,0.18362311816452026,0.277160001430101,0.7879194329055484,2023-10-19,TradFi Only,4.687261082587395,0.19530254510780812,0.36889853003464423,0.1656330614849081,0.17352892503767167,0.9158051891611609,TradFi + DeFi,-0.07055486948750886,-0.10213287022738338,-0.01799005667961215,-0.10363107639242933,0.1278857562556125
2.8629950205526864,0.26027227459569874,0.45698904546421226,0.17728227752515494,0.27685654389414815,0.7815547636809361,2023-10-20,TradFi Only,4.676389699146795,0.19484957079778312,0.3704314752389908,0.16228446262822943,0.17166956670772246,0.9173555961448603,TradFi + DeFi,-0.06542270379791562,-0.08655757022522148,-0.014997814896925504,-0.1051869771864257,0.13580083246392416
2.9625820080883454,0.2693256370989405,0.4787655055488246,0.18477896532730917,0.27664149746860756,0.7820088873983203,2023-10-26,TradFi Only,4.686346513500968,0.19526443806254035,0.3704959091456844,0.16291885369605213,0.17300601285893122,0.9174391473880055,TradFi + DeFi,-0.07406119903640013,-0.10826959640314016,-0.021860111631257034,-0.10363548460967634,0.13543025998968516
2.9372088092700963,0.26701898266091784,0.47348550423754276,0.18281879011011598,0.2764405064370912,0.7790643450692483,2023-10-27,TradFi Only,4.685787847473901,0.19524116031141256,0.37075701998753935,0.16238949729142402,0.17254369580249138,0.917413531527081,TradFi + DeFi,-0.07177782234950528,-0.10272848425000342,-0.020429292818691963,-0.10389681063459985,0.13834918645783278
2.9037245176391027,0.26397495614900934,0.46431689685196015,0.1817639100275981,0.27405380855146677,0.778535978453987,2023-10-31,TradFi Only,4.7084187570171885,0.1961841148757162,0.3738897775092097,0.16278160080598603,0.17002679180429436,0.9183923473243472,TradFi + DeFi,-0.06779084127329316,-0.09042711934275044,-0.018982309221612065,-0.10402701674717241,0.13985636887036013
2.8865437831820984,0.2624130711983726,0.4610234697321397,0.179129893112166,0.27227337456478534,0.7786286392859783,2023-11-01,TradFi Only,4.714600079105724,0.19644166996273849,0.37515928350760014,0.1625394279607444,0.17001457390649813,0.9182448497614697,TradFi + DeFi,-0.06597140123563411,-0.08586418622453956,-0.016590465151421624,-0.10225880065828721,0.13961621047549144
2.951527710605667,0.26832070096415156,0.4757459930161148,0.1839941590820529,0.2738824546925409,0.7764014537782307,2023-11-02,TradFi Only,4.5836973823616205,0.1909873909317342,0.3575060483283346,0.160757532823102,0.16669956034641284,0.9173708068790865,TradFi + DeFi,-0.07733331003241736,-0.11823994468778021,-0.0232366262589509,-0.10718289434612807,0.1409693531008558
2.9511788515066244,0.26828898650060223,0.47476800349213333,0.185187658037295,0.2746774544763449,0.7773537847340695,2023-11-07,TradFi Only,4.654929316255921,0.19395538817733005,0.37072713781323596,0.16375736677482297,0.17321146751859243,0.9081373430149428,TradFi + DeFi,-0.07433359832327219,-0.10404086567889737,-0.021430291262472034,-0.10146598695775247,0.1307835582808733
2.9520259010203356,0.2683659910018487,0.47455444433295646,0.1865134451797511,0.27561806643628123,0.7777284814363429,2023-11-08,TradFi Only,4.692954067669515,0.19553975281956312,0.37399700362920485,0.16562156808026363,0.1735766422719379,0.9132501151265942,TradFi + DeFi,-0.07282623818228559,-0.10055744070375161,-0.020891877099487477,-0.10204142416434334,0.13552163369025128
2.9693372671307574,0.26993975155734157,0.4785852428794607,0.18823379160857714,0.2764887180217365,0.7742209529230246,2023-11-09,TradFi Only,4.5722306748357875,0.19050961145149115,0.3608803752019802,0.1645019097520287,0.1729830682913769,0.9137581062143878,TradFi + DeFi,-0.07943014010585042,-0.1177048676774805,-0.023731881856548454,-0.10350564973035961,0.13953715329136318
2.9432932076647953,0.2675721097877087,0.4738129588264833,0.18609667184973844,0.2768649361268766,0.7715032344705404,2023-11-10,TradFi Only,4.513907299098953,0.1880794707957897,0.357116920837856,0.16154171352000035,0.15734191512697074,0.9170754223067734,TradFi + DeFi,-0.07949263899191897,-0.11669603798862727,-0.024554958329738086,-0.11952302099990589,0.14557218783623305
2.919243057763353,0.2653857325239412,0.46923085790145597,0.18210752425503476,0.2749904327547583,0.7678388135176447,2023-11-16,TradFi Only,4.6355637157669145,0.19314848815695476,0.3738364227245468,0.16259115762053666,0.1673137420074826,0.9185981249682064,TradFi + DeFi,-0.07223724436698645,-0.09539443517690915,-0.0195163666344981,-0.1076766907472757,0.15075931145056165
2.8837536273612243,0.2621594206692022,0.4617231064841022,0.17931913423912418,0.2748781883545128,0.7705923823854989,2023-11-17,TradFi Only,4.708428258482973,0.1961845107701239,0.3831927685222834,0.16348961832640188,0.16952926727928244,0.9216689367794448,TradFi + DeFi,-0.06597490989907834,-0.0785303379618188,-0.015829515912722303,-0.10534892107523033,0.15107655439394596
2.8879025166940386,0.2625365924267308,0.46274259831872466,0.17916117153904107,0.27522089122422044,0.7757375862816898,2023-11-21,TradFi Only,4.7036350051690965,0.19598479188204568,0.3835132031160288,0.16207484143951867,0.16757674981633283,0.921861617332267,TradFi + DeFi,-0.0665518005446851,-0.07922939520269584,-0.0170863300995224,-0.10764414140788761,0.14612403105057725
2.897838172420839,0.26343983385643993,0.4642141017849575,0.18005785112164105,0.2765921378744331,0.770548031244991,2023-11-22,TradFi Only,4.7219564042057485,0.19674818350857284,0.38697390761830086,0.16185990881687518,0.17084432689716747,0.9224556756267012,TradFi + DeFi,-0.06669165034786709,-0.07724019416665662,-0.018197942304765874,-0.10574781097726563,0.15190764438171012
2.9285749385725546,0.2662340853247777,0.4729754607838369,0.1830368735580273,0.27903967815284403,0.7722533934771498,2023-11-29,TradFi Only,4.7266482491612605,0.19694367704838586,0.3870952230088068,0.16254293976463405,0.16987201753089196,0.9222691440020363,TradFi + DeFi,-0.06929040827639185,-0.08588023777503012,-0.02049393379339326,-0.10916766062195207,0.15001575052488647
2.9402824018144895,0.2672984001649536,0.47706975273427504,0.18190338322854036,0.2788615749562168,0.7695701254160248,2023-11-30,TradFi Only,4.688122192188204,0.1953384246745085,0.38232709685898114,0.16158726089956324,0.16958447398847779,0.9220379453034533,TradFi + DeFi,-0.07195997549044511,-0.0947426558752939,-0.020316122328977115,-0.10927710096773899,0.15246781988742852
2.9330141382409995,0.26663764893099995,0.47412423310601703,0.18147846728236922,0.27887168052595607,0.7724960690586109,2023-12-01,TradFi Only,4.6572241820896,0.19405100758706664,0.3778263187165583,0.16075531810428526,0.1684537942913349,0.9219636290291995,TradFi + DeFi,-0.0725866413439333,-0.09629791438945873,-0.02072314917808396,-0.11041788623462118,0.14946755997058858
2.9345862977444446,0.26678057252222226,0.47532058969457563,0.1823674219849079,0.2811118036133288,0.7764348572262557,2023-12-05,TradFi Only,4.673737393980885,0.1947390580825369,0.38025076147148457,0.16200626095505263,0.1675387041615138,0.9223942046247566,TradFi + DeFi,-0.07204151443968537,-0.09506982822309107,-0.020361161029855274,-0.11357309945181501,0.14595934739850092
2.926467004222929,0.2660424549293572,0.4769395797789631,0.17978251203462756,0.28123020406493376,0.7735566702198432,2023-12-06,TradFi Only,4.671875978769295,0.1946614991153873,0.38090326748043135,0.16197236962089168,0.16540018108565424,0.923695216267426,TradFi + DeFi,-0.07138095581396989,-0.09603631229853177,-0.01781014241373588,-0.11583002297927952,0.1501385460475828
2.9031145912707776,0.2639195082973434,0.4715707114426034,0.1774730662121405,0.2812984363117163,0.7741445648352483,2023-12-07,TradFi Only,4.719139527276503,0.19663081363652093,0.388381785432152,0.16240020315704345,0.16633813122900237,0.9251264434299551,TradFi + DeFi,-0.06728869466082246,-0.08318892601045136,-0.015072863055097058,-0.11496030508271393,0.1509818785947068
2.821332024117606,0.2564847294652369,0.45292883229370234,0.17052704476855823,0.28109381085952484,0.7759797829510188,2023-12-08,TradFi Only,4.687149261883065,0.1952978859117944,0.3847657300615042,0.16068645225982967,0.15302993828573813,0.927098613161005,TradFi + DeFi,-0.06118684355344253,-0.06816310223219813,-0.009840592508728568,-0.1280638725737867,0.15111883020998618
2.830372990272396,0.25730663547930877,0.4539049141015766,0.1717859450349705,0.280649339673403,0.7768594752883884,2023-12-12,TradFi Only,4.662000292443466,0.1942500121851444,0.383167275488213,0.16080973232441237,0.15288934187127926,0.9255431766534818,TradFi + DeFi,-0.06305662329416437,-0.07073763861336357,-0.010976212710558125,-0.12775999780212374,0.14868370136509346
2.842504822784621,0.2584095293440564,0.4578783340105864,0.1750138906364924,0.28200696714731815,0.7754753152966283,2023-12-13,TradFi Only,4.675251615618993,0.1948021506507914,0.38475455251359125,0.16212410043733333,0.15472489214241317,0.9260157991347726,TradFi + DeFi,-0.06360737869326502,-0.07312378149699517,-0.012889790199159062,-0.127282075004905,0.15054048383814433
2.9753037028869502,0.27048215480790455,0.4922587723407313,0.18848399234598887,0.2900843338065936,0.780346296971187,2023-12-14,TradFi Only,4.645281909742781,0.1935534129059492,0.37803422284402544,0.16404978816955113,0.15070109803929335,0.9272215304748094,TradFi + DeFi,-0.07692874190195534,-0.11422454949670585,-0.02443420417643774,-0.13938323576730025,0.14687523350362242
2.9390593190813563,0.26718721082557784,0.4814611362404947,0.1862172650640122,0.2892496223203778,0.8004706095240806,2023-12-15,TradFi Only,4.677243316123946,0.1948851381718311,0.3819632804337399,0.16523178017819426,0.15287777999208638,0.9298866653518634,TradFi + DeFi,-0.07230207265374675,-0.0994978558067548,-0.020985484885817945,-0.13637184232829144,0.12941605582778282
2.9320039096542323,0.2665458099685666,0.4812154755650554,0.18644466049258995,0.29124116604925104,0.792578324994083,2023-12-19,TradFi Only,4.677372445048842,0.19489051854370176,0.38467335878399583,0.16449672912154592,0.1526587419601936,0.9298708603720747,TradFi + DeFi,-0.07165529142486482,-0.09654211678105956,-0.021947931371044033,-0.13858242408905744,0.1372925353779917
2.873728500692441,0.26124804551749464,0.4671171447820864,0.18108259691755144,0.29109159190843703,0.795438440469951,2023-12-20,TradFi Only,4.615942142551374,0.19233092260630724,0.3793579959755381,0.1623556696738552,0.15290207917894902,0.9270499093744393,TradFi + DeFi,-0.0689171229111874,-0.08775914880654828,-0.018726927243696234,-0.138189512729488,0.13161146890448827
2.8598373917122206,0.2599852174283837,0.4615904064150959,0.18019062418650117,0.29071593097528514,0.795595483857156,2023-12-21,TradFi Only,4.6006994914144554,0.19169581214226897,0.3788841376041112,0.16174021288974424,0.1535805880363641,0.9277415111628851,TradFi + DeFi,-0.06828940528611474,-0.0827062688109847,-0.018450411296756924,-0.13713534293892105,0.1321460273057291
2.8914843990709014,0.26286221809735466,0.46967970048222973,0.18356087653882197,0.29139224165363947,0.7965905251277954,2023-12-22,TradFi Only,4.560749379998381,0.1900312241665992,0.3743724530912678,0.16146818977584804,0.15386723084515208,0.9265543648224195,TradFi + DeFi,-0.07283099393075546,-0.09530724739096191,-0.022092686762973934,-0.1375250108084874,0.1299638396946241
2.898617105890753,0.26351064599006846,0.47106630146114653,0.18510959602555935,0.2907605185019961,0.7923710571503437,2023-12-28,TradFi Only,4.588114026014669,0.1911714177506112,0.37592983115006884,0.16362066684835538,0.15511926529795975,0.9312397191533945,TradFi + DeFi,-0.07233922823945726,-0.09513647031107769,-0.021488929177203964,-0.13564125320403633,0.1388686620030508
2.9132661850421995,0.26484238045838177,0.4744385642540303,0.18635608558090655,0.29067783202953107,0.8024484462612854,2023-12-29,TradFi Only,4.607040551491533,0.19196002297881387,0.3780380197335547,0.1639368939974815,0.15516061935315464,0.9312640845708801,TradFi + DeFi,-0.0728823574795679,-0.09640054452047558,-0.022419191583425063,-0.13551721267637643,0.12881563830959464
2.9016405927571496,0.2637855084324681,0.47231194044179425,0.18498589046887481,0.2916217676041915,0.8055855124881902,2024-01-05,TradFi Only,4.559004902375939,0.18995853759899747,0.3737203806303297,0.16263984220183716,0.1552498068753875,0.9322034881407715,TradFi + DeFi,-0.07382697083347065,-0.09859155981146456,-0.02234604826703765,-0.136371960728804,0.12661797565258126
2.886189770535172,0.2623808882304702,0.4688391488689646,0.18511233982779987,0.291396304085846,0.802954613441782,2024-01-10,TradFi Only,4.555191999823609,0.18979966665931702,0.37582048367246207,0.16187204946494563,0.15615258526794257,0.9295381477114439,TradFi + DeFi,-0.07258122157115315,-0.09301866519650254,-0.023240290362854243,-0.13524371881790342,0.12658353426966196
2.831993866339789,0.25745398784907175,0.45562476682807773,0.18178496170724634,0.29165004822037915,0.7939757188615367,2024-01-11,TradFi Only,4.540725938450731,0.18919691410211378,0.37405416803592195,0.1614681303856341,0.1542320996395546,0.9367853167948309,TradFi + DeFi,-0.06825707374695797,-0.08157059879215578,-0.020316831321612244,-0.13741794858082457,0.14280959793329417
2.914848431340123,0.26498622103092023,0.475111755986947,0.1883186091833207,0.29226233390938355,0.7934956166430229,2024-01-12,TradFi Only,4.565622014201786,0.19023425059174107,0.37484808945347997,0.1628425443154486,0.15486655029793342,0.9351998579483318,TradFi + DeFi,-0.07475197043917917,-0.10026366653346702,-0.0254760648678721,-0.13739578361145013,0.1417042413053089
3.077467241373191,0.27976974921574466,0.5135924223693168,0.20012222379825115,0.29150298937180513,0.8056274555015546,2024-01-17,TradFi Only,4.486109517880013,0.18692122991166724,0.3632011883000942,0.16216143938492789,0.1568648995512276,0.9327153074916201,TradFi + DeFi,-0.09284851930407742,-0.1503912340692226,-0.03796078441332326,-0.13463808982057754,0.12708785199006556
3.0401303038935277,0.27637548217213886,0.5065046183475183,0.1969590145185721,0.29184666920299734,0.8045214962180932,2024-01-18,TradFi Only,4.454898211052928,0.185620758793872,0.3609604430615188,0.16055177224691813,0.15709655019138055,0.933372492960635,TradFi + DeFi,-0.09075472337826687,-0.14554417528599944,-0.036407242271653956,-0.1347501190116168,0.12885099674254175
3.0502959219325088,0.2772996292665917,0.5091934561800607,0.19808100300521264,0.291944982207191,0.8021070510335236,2024-01-19,TradFi Only,4.458588183368399,0.18577450764034997,0.36139367803515465,0.16074969372033282,0.15562537855013267,0.9340870005458655,TradFi + DeFi,-0.09152512162624171,-0.14779977814490608,-0.03733130928487982,-0.13631960365705834,0.13197994951234182
2.991022529360116,0.2719111390327378,0.4981598694137146,0.19177536255290084,0.2912445784623818,0.8011410663896291,2024-01-24,TradFi Only,4.408985581658489,0.1837077325691037,0.3556912763307537,0.1601404567377239,0.15777278485650373,0.93408996248171,TradFi + DeFi,-0.08820340646363409,-0.1424685930829609,-0.031634905815176945,-0.13347179360587805,0.13294889609208083
2.94885799924495,0.2680779999313591,0.4896349890549979,0.18742035494636694,0.2916828657908084,0.8026212541170067,2024-01-25,TradFi Only,4.392917034116807,0.18303820975486695,0.3542099494658385,0.15848196991530836,0.15172678744938964,0.9333817380801084,TradFi + DeFi,-0.08503979017649216,-0.1354250395891594,-0.028938385031058583,-0.13995607834141874,0.1307604839631017
2.9640885159200616,0.2694625923563692,0.492662672888818,0.18946296289112902,0.2914261180942777,0.7995203693025289,2024-01-30,TradFi Only,4.395540457425942,0.18314751905941426,0.3548759486282172,0.15787481950203391,0.15344456618105565,0.9305769261160767,TradFi + DeFi,-0.08631507329695495,-0.1377867242606008,-0.0315881433890951,-0.13798155191322206,0.13105655681354778
2.9217997408974554,0.265618158263405,0.48350428860168476,0.18397443234706728,0.29079463087874924,0.7971920689719466,2024-01-31,TradFi Only,4.386760260231512,0.18278167750964633,0.35415297892841113,0.15734561710255035,0.15188478088693766,0.9305615912745973,TradFi + DeFi,-0.08283648075375868,-0.12935130967327363,-0.026628815244516935,-0.13890984999181158,0.13336952230265064
2.88223527165677,0.26202138833243366,0.47253884198880475,0.18055444293807876,0.29033358694997036,0.8014387043068005,2024-02-01,TradFi Only,4.420552388351424,0.184189682847976,0.3586066824804539,0.15762730645406514,0.1513189944309763,0.9302766229809826,TradFi + DeFi,-0.07783170548445767,-0.11393215950835084,-0.02292713648401362,-0.13901459251899406,0.12883791867418204
2.781428560602239,0.2528571418729308,0.4428468639485955,0.1734157405546206,0.2873911486394196,0.8165479657530679,2024-02-02,TradFi Only,4.488312489700229,0.18701302040417622,0.36409316610892806,0.16026466679702495,0.15314866728911566,0.9305102640104235,TradFi + DeFi,-0.06584412146875457,-0.07875369783966746,-0.013151073757595666,-0.13424248135030395,0.1139622982573556
2.7572295574943904,0.25065723249949,0.43577015537993896,0.17185037415088816,0.28868263703778346,0.8101654495445685,2024-02-06,TradFi Only,4.490284789454623,0.1870951995606093,0.36455313971486464,0.15912227986129715,0.15601976227132106,0.9126673150559286,TradFi + DeFi,-0.06356203293888071,-0.07121701566507432,-0.012728094289591013,-0.1326628747664624,0.10250186551136009
2.7418773589265957,0.24926157808423596,0.4309993159981713,0.17079769124520713,0.28900821219988954,0.8074155022627245,2024-02-07,TradFi Only,4.507353503995616,0.18780639599981733,0.36711163082993,0.1591183249982083,0.15947881951011272,0.9089547608270512,TradFi + DeFi,-0.061455182084418636,-0.06388768516824134,-0.011679366246998835,-0.1295293926897768,0.10153925856432666
2.743509833867394,0.24940998489703584,0.43015831761015055,0.17176818460875937,0.28912649304570504,0.8127069766981272,2024-02-08,TradFi Only,4.520257745912764,0.1883440727463652,0.36888507488367644,0.15943459795314402,0.16076967677512308,0.9090687514352845,TradFi + DeFi,-0.06106591215067064,-0.06127324272647411,-0.012333586655615347,-0.12835681627058196,0.09636177473715735
2.716313668141556,0.24693760619468688,0.42509480951857964,0.16928766744416165,0.28934738496902385,0.8102240729754169,2024-02-09,TradFi Only,4.581414958212657,0.1908922899255274,0.37575227468562017,0.16087025439534852,0.16017244645642179,0.9041875900626246,TradFi + DeFi,-0.056045316269159484,-0.04934253483295947,-0.008417413048813133,-0.12917493851260206,0.09396351708720774
2.6978881663447654,0.24526256057679685,0.4203054004728576,0.16722115272684426,0.28920266528428806,0.8088916602133689,2024-02-14,TradFi Only,4.5477835705965255,0.18949098210818857,0.3698942547699903,0.1608436990748576,0.16050468856246744,0.9030891093054589,TradFi + DeFi,-0.05577157846860828,-0.050411145702867255,-0.006377453651986664,-0.12869797672182062,0.09419744909209005
2.7333682593340876,0.24848802357582614,0.42820038768667723,0.17089703411391238,0.2897331304899828,0.8164961457424063,2024-02-15,TradFi Only,4.503797877675398,0.18765824490314156,0.36402767554570964,0.16135201408771968,0.16340513822537764,0.9069681859328618,TradFi + DeFi,-0.060829778672684576,-0.06417271214096759,-0.009545020026192702,-0.12632799226460514,0.09047204019045552
2.8493495206722383,0.2590317746065671,0.4556092183832479,0.18051731194583492,0.28963128026331025,0.816739187502513,2024-02-16,TradFi Only,4.507334896496206,0.18780562068734194,0.362205017565437,0.16246669825009694,0.1635086769244288,0.9063605700680935,TradFi + DeFi,-0.07122615391922518,-0.09340420081781092,-0.018050613695737988,-0.12612260333888145,0.0896213825655805
2.8725665395678037,0.26114241268798216,0.4616286503354318,0.18351312591018878,0.2905266189901231,0.8093333641449107,2024-02-21,TradFi Only,4.493422638593213,0.1872259432747172,0.3631857278737794,0.1609755825988904,0.16322714123001839,0.9062569038566062,TradFi + DeFi,-0.07391646941326496,-0.09844292246165243,-0.022537543311298397,-0.12729947776010472,0.09692353971169543
2.8715962230763146,0.2610542020978468,0.4596553506815894,0.18398510450088917,0.2902246583128234,0.8095660521636073,2024-02-22,TradFi Only,4.4825164421440284,0.18677151842266784,0.36134453667467437,0.161147656384468,0.16370981736523885,0.9102143239413198,TradFi + DeFi,-0.07428268367517896,-0.09831081400691505,-0.02283744811642116,-0.12651484094758456,0.10064827177771252
2.767673542073914,0.2516066856430831,0.43745472992287193,0.17659551526077955,0.28912325702415553,0.8120049855526075,2024-02-27,TradFi Only,4.490729227894575,0.18711371782894062,0.368022588282527,0.15922494118848068,0.16268546330671574,0.9138938153889218,TradFi + DeFi,-0.06449296781414246,-0.06943214164034495,-0.01737057407229886,-0.1264377937174398,0.10188882983631431
2.7294380526260325,0.24813073205691205,0.42886363809055467,0.17511271418025287,0.2913494861624213,0.8085600956266908,2024-02-28,TradFi Only,4.401657425753981,0.1834023927397492,0.35806590790483694,0.15728697158518284,0.15970518520793095,0.9158976071510649,TradFi + DeFi,-0.06472833931716285,-0.07079773018571772,-0.017825742595070027,-0.13164430095449034,0.1073375115243741
2.7252401509409387,0.24774910463099442,0.42768978170126454,0.17448182192571354,0.2912378097545297,0.8085461909458207,2024-02-29,TradFi Only,4.372087963485941,0.18217033181191422,0.3557272860718525,0.15544814255167447,0.15902508505886517,0.9211542613245596,TradFi + DeFi,-0.0655787728190802,-0.07196249562941204,-0.019033679374039075,-0.1322127246956645,0.11260807037873888
2.782039972827281,0.2529127248024801,0.4397310159534149,0.17902696203104584,0.29242069918548474,0.8120536209720042,2024-03-01,TradFi Only,4.354113516665813,0.18142139652774222,0.3506671146011241,0.15686014559363426,0.15671001693881245,0.9208656641079707,TradFi + DeFi,-0.07149132827473789,-0.08906390135229081,-0.022166816437411585,-0.1357106822466723,0.10881204313596649
2.7861198351323657,0.2532836213756696,0.44090263716476524,0.1793473197164924,0.292210868327901,0.8109833604238982,2024-03-05,TradFi Only,4.3163266855896225,0.17984694523290093,0.3425079517679955,0.15730360634839238,0.14768263122951844,0.9230860034661851,TradFi + DeFi,-0.07343667614276869,-0.09839468539676977,-0.022043713368100015,-0.14452823709838256,0.1121026430422869
2.8168128914330874,0.2560738992211898,0.44733076648518516,0.18145396385209683,0.29253408158446315,0.8137164815045291,2024-03-06,TradFi Only,4.294491648486082,0.1789371520202534,0.33834483778953384,0.15796878048100854,0.14431898283498343,0.9253415854746574,TradFi + DeFi,-0.07713674720093638,-0.10898592869565132,-0.023485183371088292,-0.14821509874947972,0.11162510397012826
2.792929268852967,0.25390266080481516,0.4414537327527693,0.18008620435711853,0.29273145838257275,0.8230312390350227,2024-03-07,TradFi Only,4.286836648204852,0.17861819367520215,0.3479021125008188,0.15419120779460396,0.15095836788603212,0.9286689823186516,TradFi + DeFi,-0.07528446712961301,-0.09355162025195046,-0.025894996562514566,-0.14177309049654063,0.10563774328362885
2.7685756781478985,0.25168869801344534,0.4348360640328842,0.1776596166967338,0.29359294496392807,0.8239302974945252,2024-03-12,TradFi Only,4.044371055015796,0.16851546062565817,0.324526205042161,0.14744998838655377,0.15693999956034674,0.9293926692568713,TradFi + DeFi,-0.08317323738778717,-0.11030985899072321,-0.030209628310180037,-0.13665294540358133,0.10546237176234607
2.7320367399408196,0.24836697635825633,0.4256363459548313,0.1762081793480706,0.2942349117257673,0.8227689860940199,2024-03-13,TradFi Only,4.107384959099872,0.17114103996249466,0.3345011564293487,0.14829511875484808,0.1612738356241982,0.9303812878175068,TradFi + DeFi,-0.07722593639576167,-0.09113518952548261,-0.027913060593222516,-0.13296107610156913,0.1076123017234869
2.731969495978329,0.24836086327075718,0.4244396859509335,0.1780093155891313,0.2948740330265187,0.822928981023881,2024-03-14,TradFi Only,4.0581891485498796,0.16909121452291165,0.328435733993014,0.1482413483819257,0.15970806078087157,0.9289992795256536,TradFi + DeFi,-0.07926964874784553,-0.0960039519579195,-0.029767967207205592,-0.13516597224564714,0.10607029850177263
2.7682893318993456,0.25166266653630415,0.4327282293500237,0.18212328973068517,0.29487446994684835,0.8265112333772099,2024-03-15,TradFi Only,4.061490691670056,0.16922877881958567,0.3285915910967249,0.14905849494471143,0.1569142790270963,0.9299231473781282,TradFi + DeFi,-0.08243388771671847,-0.10413663825329877,-0.03306479478597374,-0.13796019091975206,0.10341191400091831
2.719066540984048,0.24718786736218618,0.42175117529960776,0.18049049750746618,0.2956567132308963,0.82244478167581,2024-03-19,TradFi Only,3.9715854663989103,0.16548272776662126,0.3128645288994463,0.1475028859612566,0.14671901726820008,0.9314589192194944,TradFi + DeFi,-0.08170513959556491,-0.10888664640016144,-0.03298761154620958,-0.14893769596269624,0.10901413754368439
2.712141920425165,0.2465583564022877,0.4212507235259824,0.17791464754839229,0.2961160806365739,0.8287457191017117,2024-03-22,TradFi Only,3.9339830708701284,0.16391596128625535,0.309073855226452,0.14566573082520815,0.14467614175000573,0.9285214420824595,TradFi + DeFi,-0.08264239511603236,-0.11217686829953044,-0.03224891672318414,-0.15143993888656818,0.09977572298074777
2.7421112233003906,0.2492828384818537,0.4292190733184465,0.18022885399074823,0.2958683660389509,0.8237185075616509,2024-03-27,TradFi Only,3.9408038761592445,0.1642001615066352,0.31121072054145643,0.1461381507756373,0.14614104221627972,0.9280102695433288,TradFi + DeFi,-0.08508267697521851,-0.11800835277699007,-0.03409070321511093,-0.14972732382267118,0.10429176198167789
